embedding,model,accuracy,precision,recall,f1,kappa,miou,bc,sc,scs,impervi,agricult,forest,wetlands,soil,water
embeddings_dino_sat493m,CSMOTE_HoeffdingAdaptiveTree,57.64370741975895,,28.954794141175928,,31.290996211801662,20.06394359443552,6.738783472244861,11.902364926034918,9.32057419913989,3.8139745232503097,18.531722245001568,55.28312397510806,0.0,37.92996591260615,4.824874910647015
embeddings_dino_small,CSMOTE_HoeffdingAdaptiveTree,52.945079711927335,,21.325372247462436,,16.78685965824269,13.409370887332422,5.926515361193632,9.308195241201128,7.61735530119738,1.155866900173107,0.5976194004047031,49.92205713970051,0.0,28.143382352937195,0.63729953077902
emb_512,CSMOTE_HoeffdingAdaptiveTree,19.302047624676568,,14.969636741729994,,4.430537053854069,7.28734339300508,4.664415365132475,5.229370296986715,4.9468928310595945,1.875447008026112,7.318238925000367,20.306794511766615,0.0,14.223579913237383,0.0
emb_512,CSMOTE_HoeffdingAdaptiveTree,69.01287591228093,56.42744939243995,64.43727876677254,60.16695427981168,55.036644808758425,43.45741270232155,8.19808122339894,30.948940911055463,19.5735110672272,24.166503235916764,41.41456619443284,65.00730669038177,20.613919026142856,45.37479621598938,64.1673848510657
emb_512,CSMOTE_kNN,41.9520075653099,,20.394291119179364,,5.0915233797463895,12.806833274667126,4.715557869720737,8.36500471515011,6.540281292435424,5.401512423473711,7.39279806591035,41.99716601962494,0.0,11.05893099732854,10.990592141665196
emb_512,CSMOTE_HoeffdingTree,19.508692663663307,,14.530482815726318,,2.96535982545988,6.98694383102394,4.773976374270941,4.416957533238527,4.595466953754734,1.580677196632746,8.777819488388612,22.29780931385865,0.0,9.26535698726363,0.0
emb_512,SGDClassifier,51.12976170149424,45.77615600021975,34.45995431884738,39.32005772431228,29.197444284111658,23.990234921260768,4.353117773539626,13.14532593687366,8.749221855206644,10.04124231966161,8.97627242544882,38.8241707036127,0.0,36.76276755712918,49.33695652171232
emb_512,Perceptron,47.01612444234297,50.36347670044039,32.82351273301088,39.74434536011355,23.927468090553123,22.125401750099147,3.464764443049969,12.800222559265023,8.132493501157498,7.832595403744641,5.690970374310559,28.05458527138544,0.3082614056701094,35.18959111910732,55.6764069263768
emb_512,PassiveAggressive,49.667047559005475,46.08509187897127,34.89395976420685,39.716230534296926,27.65455597694598,23.814152256963222,4.440604571760744,13.020775351318816,8.730689961539781,13.27969348657986,8.355836038712232,36.129840364573184,0.0,35.94815246136085,49.17139119055322
emb_512,SGD_SVM,50.3062461965492,48.1019742705378,34.91046356160079,40.45808709794415,28.27162052458417,24.312370963338537,4.425541831739822,13.190177884314704,8.807859858027264,10.504857737673053,7.650837718304661,36.029072040370686,0.5405405405372942,36.38184205634716,54.76707568679837
emb_512,SGDClassifier,79.20546733738743,68.04407256956878,66.22365554845393,67.12152334923242,68.73102277979596,53.74630916142943,11.152756591847648,35.003115293878565,23.077935942863107,29.69924812027417,53.28629216215418,75.39480754885865,22.506286672160495,57.6065265876209,83.98469387750816
emb_512,Perceptron,78.8771118728958,67.32765215312395,66.03251140803292,66.67379283527121,68.25503460794346,53.243651356312895,10.937532117821345,34.64094310892081,22.78923761337108,29.51038972618433,52.28677379479265,75.09013989711431,22.128174123248172,57.3011053933281,83.14532520320978
emb_512,PassiveAggressive,78.82588842043509,67.76494335282567,66.13861472080501,66.9419027315947,68.18174697841648,53.51118125215118,11.101156006203732,35.12294196926249,23.11204898773311,28.920660135884805,52.963659527982486,74.8183922407174,23.234433765051257,57.07982678322726,84.05011506004395
emb_512,SGD_SVM,79.50580313557577,68.41442198250611,66.52102003539083,67.45443698630874,69.172928039745,54.07437500681079,11.092618610178084,34.815612804436014,22.95411570730705,30.428869344427937,53.464259575489926,75.7591093117348,22.77103390530443,58.18567389254734,83.83730401136029
embeddings_dino_sat493m,SGDClassifier,71.79736524479885,59.4091545080847,55.01112976203195,57.12561769172959,57.04071010830874,41.87402149434627,8.772464209561752,22.25988685854764,15.516175534054696,34.153457162273504,28.77804014166437,65.99121286152712,0.2597402597380109,51.867686456316285,70.19399208455836
embeddings_dino_sat493m,Perceptron,67.46426262892052,54.9481854093684,52.05253530315529,53.46117936064903,50.64087308409436,37.243875711385435,8.039515336751437,19.23954885718391,13.639532096967674,29.73530929733117,23.36570945944959,62.18048175012003,0.3389830508445849,46.74035492292597,61.102415787641306
embeddings_dino_small,SGDClassifier,60.94372972880212,51.434237979614274,39.008498675730195,44.367795100247314,41.73536232017875,28.65908454316695,5.89402608112832,13.035139216438882,9.4645826487836,11.00563153658728,18.210526315783483,51.744138044908794,0.0862068965509809,46.59236484754819,44.315639617623
embeddings_dino_small,Perceptron,56.01743537527815,48.574766088076935,35.695846120653165,41.15117548528001,34.537776595786355,25.38542759672569,5.2546736279851665,12.385344442510188,8.820009035247676,8.882708980845932,16.48575082805349,45.097350108943246,0.3238866396734908,41.77927927927508,39.74358974356292
embeddings_dino_sat493m,SGD_SVM,85.34810687747759,78.43534914138814,73.22953886905843,75.74310077968505,77.77518607555743,63.02637152608188,15.757689422349678,41.879454077248845,28.81857174979926,38.15698717059159,68.3957149672254,80.96250912668582,36.28808864240798,69.02508561498237,85.32984363459812
embeddings_dino_sat493m,PassiveAggressive,84.46089339137498,76.17236907797663,74.25927973502792,75.20365970956853,76.54569858089434,62.427112828359654,15.276802140821111,43.52447338478076,29.400637762800937,36.62970603399094,67.64115057483112,79.77351934830355,38.831835686528684,67.53342369023183,84.15304163627182
embeddings_dino_small,SGD_SVM,81.567582100139,71.80247227452115,67.81278921106045,69.75062561750043,72.0272327007409,55.964188741558296,13.370291863683883,38.24227074614382,25.80628130491385,31.947194719429778,61.574535192537525,76.52971802669451,27.28410513124353,63.769990015212265,74.67958936423217
embeddings_dino_small,PassiveAggressive,80.95379739956641,70.84850426553896,69.72844754789239,70.28401384151024,71.26304614943186,56.34519238340282,13.678349586426677,40.00897609057301,26.84366283849984,32.23942969514228,61.68070001648436,75.67217799127481,31.94527067202888,62.63087728424552,73.90269864124106
embeddings_dino_sat493m,SGD_SVM,69.15631774941797,55.32664496916618,54.27208017758874,54.794289033981144,54.00332502805566,40.95461141076988,7.988479200063043,21.493023046415967,14.740751123239503,33.21685726383606,29.951905290406973,61.63793541308381,0.4166666666631944,49.13982264116009,71.3644811894691
embeddings_dino_sat493m,PassiveAggressive,68.75589902583845,54.39990840962189,54.30221359334254,54.35101710042052,52.981623400642434,39.88291391898443,8.049494054806331,20.736505683401763,14.392999869104049,31.43252116810832,29.15986949427956,62.78634146340851,0.7364975450021564,47.1455471092758,68.0367067338322
embeddings_dino_small,SGD_SVM,58.03382966187499,48.98914606251588,39.51515125795619,43.74507397417973,39.070900094649495,28.282369132648594,5.408735447206264,13.50416020242284,9.456447824814552,9.431345353660916,18.01569819749387,45.97357914894501,0.9202453987659492,44.569135482838654,50.78421121418717
embeddings_dino_small,PassiveAggressive,57.99378778951704,49.29017576171472,37.84056130328946,42.81308710081411,38.31351290139761,26.98043992947404,5.829130821713184,13.302554662277286,9.565842741995237,9.978733845885852,16.596714234315687,47.33434443804745,1.2153950033678906,45.24431995019761,41.51313210502971
emb_512,CSMOTE_KNN,82.45749985771263,74.7723373080436,67.7164889088326,71.0697152112259,73.22244399421403,57.50517359413535,14.34460916809612,39.20577808882789,26.775193628462,30.452830188650516,59.79442773571081,79.0658113339471,31.11767602151099,63.89835531189018,80.70194097310252
emb_512,CSMOTE_HoeffdingTree,68.45554723721712,56.83845727112208,68.44117990443614,62.102527869428094,54.94971177873387,45.047760634124,8.784116882532878,32.1677093835014,20.47591313301714,26.633911189382296,39.57456292406529,63.31591525903809,22.917207370820357,44.65956082350626,73.18540623793166
embeddings_dino_sat493m,Perceptron,84.17144785690179,75.07304655724366,73.66112403030859,74.36038365549693,76.09984530297012,61.52427902096112,14.47810370749033,42.035438557167495,28.256771132328915,35.96660244054468,66.64110429445014,79.58202076152989,36.163714110958075,67.09205405313995,83.70017846514396
embeddings_dino_small,Perceptron,80.6020009495644,69.40828076635849,68.60107835827395,69.00231894079117,70.71372639301623,55.110719343350134,12.554175940022096,38.06886924925952,25.31152259464081,31.61592505850904,60.65459324049909,75.37934309130294,27.515286269997137,62.23971435526053,73.25945404453213
embeddings_dino_sat493m,SGDClassifier,85.59121824536516,80.23781636843107,72.20942830518567,76.01222128776989,78.08964071022018,62.986149555043305,15.921302149171964,40.833067507496814,28.37718482833439,38.63700765083786,68.43856730008388,81.26314232276158,34.358589647154105,69.44271140712091,85.77687900230147
embeddings_dino_small,SGDClassifier,82.1327445271341,73.79211380995999,67.65525338318922,70.59055614201323,72.8216032240264,56.71168086706635,13.861177462409067,37.98702019426938,25.924098828339226,32.606919095569864,62.27795193309832,77.22480140306642,27.68707482974363,64.4609372434297,76.01240069749014
embeddings_dino_small,Perceptron_OneVsRest,80.38806294582335,68.76075097371263,68.61591808310588,68.68825818150717,70.43590382430293,54.81926031907896,12.447918163267596,37.87045826362554,25.15918821344657,29.239105892945087,60.80059181322505,75.19760602620212,28.29021372312548,62.18748981386907,73.20055464510702
embeddings_dino_small,Logistic_OneVsRest,81.45718093778065,74.2790855008395,62.84071819850099,68.08281450337384,71.54891139876722,53.417849167895795,12.572075031015045,33.42857797773564,23.000326504375344,29.40156114479705,59.248252479988594,76.71452651245134,16.80736761307132,63.59709885093903,74.7382884061275
embeddings_dino_small,StdScale_Logistic_OneVsRest,82.62297145014502,74.22205396366095,69.7128037088774,71.89679501556354,73.64334741411187,58.24866027225113,14.264233476859316,39.75646730027693,27.010350388568124,33.63910365609535,63.834523309507,77.93174423318004,31.97324414694333,64.80916156497999,77.30418472280104
embeddings_dino_small,RobustScale_Logistic_OneVsRest,82.70877546234063,75.01604771951888,68.51481734489346,71.61819592088573,73.68756121866022,57.810174077200585,14.011913104409944,39.24046063724588,26.626186870827915,33.52498288838669,63.02887844188086,78.08348261899762,29.791666666459783,65.09765721737769,77.33437663010085
embeddings_dino_small,StdScale_Perceptron_OneVsRest,78.08508325849317,67.31242590685372,68.7961586337193,68.04620511394658,67.6400980008724,52.94528616243615,11.19259437364482,35.537735561903,23.36516496777391,18.961651917392945,60.44081632650594,74.54348369881654,31.17040630666361,60.196781484177585,72.35857724106026
embeddings_dino_small,RobustScale_Perceptron_OneVsRest,79.03865184736038,67.77959934030513,68.9392144141506,68.35448909348413,68.85778544540162,53.71967333280631,11.613278092155516,35.73515716924322,23.674217630699367,20.689655172399664,60.87794081479593,75.21457439272581,31.43382352921916,61.20053881123738,72.90150727645991
embeddings_dino_sat493m,Softmax_OneVsRest,85.29891257715211,80.68561382812388,70.77339952790832,75.40515492714857,77.59558477368542,61.94276575862947,15.186906445740478,37.67266409273661,26.429785269238543,37.94053662068464,67.2722497044752,80.95573546419084,31.21611154119895,68.98516140957047,85.28679981165672
embeddings_dino_sat493m,SGD,85.34810687747759,78.43534914138814,73.22953886905843,75.74310077968505,77.77518607555743,63.02637152608188,15.757689422349678,41.879454077248845,28.81857174979926,38.15698717059159,68.3957149672254,80.96250912668582,36.28808864240798,69.02508561498237,85.32984363459812
embeddings_dino_small,SGD,81.567582100139,71.80247227452115,67.81278921106045,69.75062561750043,72.0272327007409,55.964188741558296,13.370291863683883,38.24227074614382,25.80628130491385,31.947194719429778,61.574535192537525,76.52971802669451,27.28410513124353,63.769990015212265,74.67958936423217
embeddings_dino_sat493m,Softmax_OneVsRest,84.538689029099,80.12564695852092,68.1137808759681,73.63305214010153,76.34740624103557,59.59691243118304,14.230298080843514,34.63513069214274,24.432714386493124,35.80026749883222,65.07191720747892,80.11636257662131,24.822695035265387,67.82573940846193,83.94449286043846
embeddings_dino_sat493m,Perceptron_OneVsRest,84.13369409153572,74.81666655014351,73.6952558232919,74.25172731108603,76.05432336013276,61.4351177255586,14.320388349509988,41.576943930357395,27.948666139933692,36.269430051767635,66.91665246289973,79.52148458139628,35.254854368718114,66.9521292610198,83.69615562754998
embeddings_dino_sat493m,Logistic_OneVsRest,84.538689029099,80.12564695852092,68.1137808759681,73.63305214010153,76.34740624103557,59.59691243118304,14.230298080843514,34.63513069214274,24.432714386493124,35.80026749883222,65.07191720747892,80.11636257662131,24.822695035265387,67.82573940846193,83.94449286043846
embeddings_dino_sat493m,Perceptron,12.056607766979184,,20.824945842985297,,0.9828817457877292,5.561571572392056,1.3087215548380615,2.7894479579325058,2.049084756385284,21.964767497187804,11.404661937164532,0.0,0.0,0.0,0.0
embeddings_dino_sat493m,StdScale_Perceptron,11.974235915271398,,20.467734832060245,,0.8962642147001272,5.156464232467917,1.472670631547746,3.037769542387484,2.255220086967615,19.54956335219925,11.389222042608251,0.0,0.0,0.0,0.0
embeddings_dino_sat493m,RobustScale_Perceptron,12.010845627141526,,20.64612499050265,,0.9360281603253132,5.347370551554916,1.3744392478749885,2.8140947815846906,2.094267014729839,20.69233157401321,11.391891735316287,0.0,0.0,0.0,0.0
embeddings_dino_sat493m,StdScale_Perceptron_OneVsRest,79.80345160939726,70.04697421806827,72.64227499217081,71.3210223150194,70.43340409407256,56.46067566545614,11.793964321581187,37.724482137174356,24.75922322937777,18.930275990859656,64.21201531034106,77.20306105046927,34.90797545990854,62.764325144166285,80.74640103699205
embeddings_dino_sat493m,RobustScale_Perceptron_OneVsRest,80.32170784305875,70.29121934530664,72.62114599677417,71.43719005907074,71.10680615258038,56.80142352462162,11.953096372294626,37.463124558052755,24.70811046517369,19.794978620754417,64.62394377977719,77.60099745307627,34.18272218748177,63.30868274516269,81.29721636147737
embeddings_dino_sat493m,Logistic,12.17730541080101,,21.408884135793635,,1.112768002477161,6.26402562873494,0.6592456500587276,2.357555556785776,1.5084006034222517,26.171028504707166,11.413125267702474,0.0,0.0,0.0,0.0
embeddings_dino_sat493m,StdScale_Logistic,12.244804567061555,,21.93388360570866,,1.2452191969360942,6.172322383686429,1.97575213291246,3.621917935509986,2.798835034211223,25.598259608374768,11.435674693743804,0.0,0.0,0.0,0.0
embeddings_dino_sat493m,RobustScale_Logistic,12.29571494763095,,22.115945706930155,,1.2983246184316752,6.378452604309317,1.8427294289346443,3.621096406195029,2.7319129175648365,26.814486326641813,11.456229299214083,0.0,0.0,0.0,0.0
embeddings_dino_sat493m,StdScale_Logistic_OneVsRest,84.42943192023658,75.29312765516153,73.9738047871493,74.62763568387037,76.49871455544748,61.88372073744591,14.64443290941648,42.31241473581303,28.47842382261475,35.85266377767544,67.39167592510582,79.96460289534751,36.67692307669738,67.47147428914977,83.94498446069963
embeddings_dino_sat493m,RobustScale_Logistic_OneVsRest,85.086118626907,77.71800309750495,74.32869133135371,75.98557120656766,77.44356956006509,63.33617099363624,15.3396513558331,42.81843619635341,29.079043776093258,37.35670048749854,68.56501855204567,80.68691841649276,39.864406779390755,68.37562256022541,85.16835916616436
embeddings_dino_sat493m,SoftMax,85.22969734064765,79.97703872238469,71.52897375304302,75.51747168512377,77.54287000862033,62.18806799974798,14.962781121311783,37.59631461584956,26.27954786858067,39.892336024876194,66.92344518428563,80.87673775920501,31.76291793288934,68.9393302978765,84.73364079935516
embeddings_dino_sat493m,StdScale_SoftMax,83.1978583318556,71.65157632775293,73.66729016304078,72.64545329095637,74.82015045760797,59.54187683387116,12.94871794871426,40.410170062282575,26.679444005498414,34.40046565770151,64.16621917466058,78.65099272989258,32.18767048536723,66.18565654540099,81.66025641020406
embeddings_dino_sat493m,RobustScale_SoftMax,83.76988507982634,73.4769473607973,74.19129502220652,73.83239335695494,75.63057538267698,60.86297507023569,13.3899160162586,40.60597060686469,26.997943311561645,36.07724803858047,65.42021010502526,79.24668830131625,34.97942386810712,66.77144815823118,82.68283195015385
embeddings_dino_sat493m,StdScale_SoftMax_OneVsRest,83.70181389681781,72.91247813377524,72.63129284363252,72.77161386880952,75.45850114072265,59.91950627911235,13.951151175534797,41.71361401422642,27.83238259488061,33.08068459653658,66.06553213103629,79.12279958479897,32.053519487887996,66.8167341970442,82.37776767737004
embeddings_dino_sat493m,RobustScale_SoftMax_OneVsRest,84.15142692072281,75.36067425464442,73.35679603904399,74.34523462167043,76.09314647262771,61.46952288435007,14.314714371803747,42.91051536527006,28.6126148685369,35.10462904244121,66.84965317670247,79.53208938617678,36.78456591616216,67.21396186157035,83.33223792304743
embeddings_dino_sat493m,OnlineBagging_size_10,50.70044675289016,34.57505695277048,41.13538639617928,37.57099455531976,30.066206438879632,23.331655770790206,5.6163374251031355,17.496863581073406,11.556600503088273,17.456521739120948,14.123165380537412,44.98925460920286,4.138244656643301,36.504270888395354,22.778477350841374
embeddings_dino_sat493m,OnlineBagging_size_30,42.84423139626009,29.74483727081768,37.55160654576739,33.19540714531335,21.468693303755988,19.286666584071657,5.337864854057665,15.154146599585358,10.246005726821512,16.990129226066,10.158013544015391,35.734439365720924,2.9673590504325253,31.57212142499675,18.297936893198333
embeddings_dino_sat493m,OnlineAdwinBagging_size_10,38.451637998592815,29.8804552689448,37.35400514135436,33.20186323890531,15.689665920222623,18.346264487641193,5.179662394735851,20.347398157556913,12.763530276146382,14.49760231961098,12.88607308518699,29.13714787744835,5.507510241212984,25.296456273412858,22.752797128974983
embeddings_dino_sat493m,OnlineAdwinBagging_size_30,33.41723058970237,25.80694359962304,34.9143201692595,29.67763961095314,9.570929826816734,15.844931493742118,5.099758546193278,17.813749019347505,11.456753782770392,16.969497656821108,9.429755534568926,23.89836168988776,4.359226483106,21.658811829814333,18.753935768254586
embeddings_dino_sat493m,LeveragingBagging_size_10,33.81478917954204,26.55614863103727,34.219016369937435,29.90449420296537,10.31926992682301,15.70310629040341,5.130854794138225,17.477577373259905,11.304216083699064,13.000693458371693,11.2875238590979,25.430452475623177,5.37948290239625,21.326847693606084,17.79363735332535
embeddings_dino_sat493m,LeveragingBagging_size_30,26.938455642185826,21.170818322066065,30.20466780430924,24.893488423269726,1.3933031120347956,12.739288347862146,5.227367349770409,15.021220263737783,10.124293806754096,17.671785193438417,7.572321338572832,19.116168250544096,5.043281896857195,15.95983412444638,11.07233928331396
embeddings_dino_sat493m,AdaptiveRandomForestClassifier_size_10,73.38473947041764,63.33370326117436,62.47210542817952,62.89995396093251,60.3011467774988,47.24948383154393,8.193840538894678,35.43898672311766,21.816413631006167,29.526226734317333,51.216081146095874,65.40491630221028,23.923739237245243,54.15167286244548,59.274266706949334
embeddings_dino_sat493m,AdaptiveRandomForestClassifier_size_30,71.18358054422625,61.04729398581912,60.56433657940078,60.80485629597631,57.17840055571904,44.84647930547776,7.81276851692563,35.04745411221115,21.43011131456839,29.15113871632593,47.79544569180586,62.4182876275448,21.86553603863195,52.26030292869189,55.58816482986608
embeddings_dino_small,OnlineBagging_size_10,68.7530388920986,56.30844715673512,58.105152146795945,57.192692286727805,52.523132999362886,39.36088371172874,7.191511658368564,24.245769958901157,15.71864080863486,23.227028733802825,36.78630363034786,65.32946733385724,18.17475728148282,46.91629955946399,45.7314457314177
embeddings_dino_small,OnlineBagging_size_30,69.85819456917805,58.624491062143,60.10005900877524,59.35310548811687,54.12535939968717,40.77618073998839,7.239117471673453,24.46635610807048,15.852736789871969,25.10243432150813,40.11610534851235,66.3677841327835,19.24635332245038,47.860267648143115,45.964139666532894
embeddings_dino_small,OnlineAdwinBagging_size_10,68.14440243225773,55.19379771062445,63.72958965371792,59.15536308685875,53.30200592051898,41.65745758274589,8.323719717106806,32.80841563587657,20.566067676491688,23.955413597533433,45.84227366834337,61.76959126771651,20.447609359035447,46.55832884419008,51.371528759656485
embeddings_dino_small,OnlineAdwinBagging_size_30,64.35586928044755,52.12736140960328,62.694351460815234,56.92461878924927,48.47590238511789,38.27459050496227,7.8989462993505395,31.273082868393747,19.586014583872142,21.748939141633052,38.72769935564128,57.76452287296186,19.368051492043985,43.895923877724435,48.142406289769035
embeddings_dino_small,LeveragingBagging_size_10,68.41153892356007,54.97750072821578,65.59886588750402,59.820374395494504,53.98754864262841,42.14176410863386,8.164101081639044,33.362111067909176,20.76310607477411,23.89391896229121,46.91407678243257,61.983758931586294,20.700437773543776,46.810042430640934,52.54834977130831
embeddings_dino_small,LeveragingBagging_size_30,66.78698295932318,53.902411920335325,65.4049988543815,59.09921549726632,51.87377131093841,40.739207296866155,8.342815639751038,33.225540024625495,20.784177832188263,22.83915283341566,44.176840547523426,60.46201997117985,20.08113590257873,45.220282626759584,51.65581189973968
embeddings_dino_small,AdaptiveRandomForestClassifier_size_10,73.06840867878982,59.6913626808872,65.71273660615498,62.557489201900665,60.061361506210595,46.80989735525387,9.059984668453176,35.43325885915286,22.246621763803017,26.748898678390525,52.768559603246665,66.64442496912056,23.573309920879836,51.29450862477428,59.8296823351113
embeddings_dino_small,AdaptiveRandomForestClassifier_size_30,73.12503932683893,59.511249559296886,66.03091128426405,62.60179072371255,60.19247558225128,46.76777844216747,9.18060283162913,34.56065281289768,21.870627822263405,26.07894075251313,53.01070057042876,67.04834478699499,23.23103154295298,51.1688353106182,60.0688176894968
embeddings_dino_small,SoftMax,82.13503263412598,74.0463881325114,66.46628571063339,70.0518786646955,72.7729941116096,56.04158275506875,13.00333783111533,35.7306217133779,24.366979772246616,33.68146214094588,61.61840506220441,77.47056339043014,23.278921220558704,64.24148099605763,75.9586637202158
embeddings_dino_small,StdScale_SoftMax,81.8101214412786,71.40626322085024,70.68370111758227,71.04314496700599,72.6163347937561,57.33059452447464,13.084509179179763,39.79853508260523,26.441522130892498,32.88119171607983,62.573532436520395,77.06393219628784,32.20133414170891,63.85609523495284,75.40748142129806
embeddings_dino_small,RobustScale_SoftMax,82.5274429832339,73.74903553083442,70.37720016355192,72.023675778616,73.56584720703678,58.36542758871599,13.698140200281667,39.33759475920817,26.51786747974492,35.26688102889355,63.18926353517143,77.90669769091102,32.06557377028154,64.62312386606224,77.1410256409762
embeddings_dino_small,StdScale_SoftMax_OneVsRest,81.69113987770068,71.08565411851698,69.29895629991054,70.1809354120348,72.36400250047762,56.52386603711147,13.38981983116625,39.5181479167616,26.453983873963924,31.559930226723697,62.69900497509838,76.8085305786593,29.25499697135521,63.790984613861646,75.0297488569706
embeddings_dino_small,RobustScale_SoftMax_OneVsRest,82.3787160287615,73.65900410082183,69.40005588050829,71.46613435551382,73.28671666357587,57.78679037566435,14.008678237645524,39.861919520480235,26.93529887906288,33.05150884491018,63.46483704971616,77.60384747223176,31.25827814548836,64.55160605211404,76.79066468952563
embeddings_dino_sat493m,KNN,82.48797313762391,72.90026423065932,71.47075110721495,72.17843039042205,73.5262155077721,58.96208346016273,13.538383162984832,42.02946425769831,27.78392371034157,28.623811160732636,63.98520385347588,78.10548374379339,37.531806615537334,64.04074874982024,81.48544663761693
embeddings_dino_sat493m,HoeffdingTree,70.2814943626764,56.26195027429222,57.282814190238184,56.76779301522911,55.127940439842384,41.58651345092274,7.746347141103705,21.370822046123894,14.5585845936138,21.179438114272266,36.56026199300516,65.38313327295569,16.91433566426174,49.56878724283489,59.913124418206685
embeddings_dino_sat493m,HoeffdingAdaptiveTree,56.21707271031994,51.40438965339115,47.81357771353653,49.544005883930225,39.027392595680006,31.190406634870698,5.994453530540285,23.64072733400114,14.817590432270713,8.190142306892039,27.61393018744844,53.15877996242187,11.35079609650051,41.43314400476333,45.395647251198014
embeddings_dino_sat493m,EFDT,72.37168009976146,59.36420442867516,55.20987794173665,57.21172559810705,57.70930557734603,42.478089959432424,8.08484669935227,23.538854024694807,15.811850362023538,19.32931424263439,39.03665323352944,67.35785825811462,14.762516046118344,52.22986988496257,62.15232809123518
embeddings_dino_sat493m,NaiveBayes,56.28342781308454,45.31537352489103,63.59477440100324,52.92107321667615,39.96710646548448,32.6598517844139,6.630355085365395,17.30826876813032,11.969311926747856,20.78294080202747,24.885775205597746,51.74743498091448,8.42911877393786,33.9280245022919,56.18581644171397
embeddings_dino_small,KNN,81.58703100957001,71.79741936269727,70.10782186897877,70.9425620032526,72.22398126196785,57.100707489086346,13.16385217816533,41.24469695501119,27.20427456658826,30.6455318171024,62.856682899318685,76.6755782143666,33.9961513788711,63.89565739843388,74.53464322642546
embeddings_dino_small,HoeffdingTree,66.71490758907886,52.397434703349255,54.20378715178854,53.28530665097995,49.563642385914505,37.242140965164545,6.757166117610142,22.731224993922925,14.744195555766536,21.046172725862057,35.03594967044823,61.723201793799355,15.00198965374054,45.319253287550914,45.32627865958621
embeddings_dino_small,HoeffdingAdaptiveTree,59.0674819954581,46.82974705018627,58.528272988221886,52.02953165451479,41.25243252829564,33.71239834088009,6.232317258354849,26.446095970718048,16.339206614536447,19.409565265908025,33.706879092677475,52.11510679761757,17.910828025432075,37.73642338290727,41.39558748073812
embeddings_dino_small,EFDT,70.39017944479083,58.83903605685349,54.797545116518656,56.74642266857312,54.68861219411517,40.96333887191799,7.335351723105454,27.54739291583941,17.441372319472432,21.15504775504672,38.995376042351104,65.03185852367837,18.88111888099885,50.015308778045686,51.70132325138722
embeddings_dino_small,NaiveBayes,45.60025626798309,39.48071266459933,50.147835363285566,44.179501337309176,27.69494949562981,23.542231928622957,6.248441629679787,13.1314767865469,9.689959208113343,12.7057755817146,15.76178215604619,44.67752228420398,6.560262879935968,26.66666666666296,34.88138200317406
emb_512,RobustScale_Softmax_OneVsRest,82.89924740927539,74.97441920870446,71.41355518083104,73.15067847122717,74.26038081460626,59.99617928834441,13.634026298387903,40.15838085839595,26.89620357839193,35.35922144830134,61.18437900126082,79.25859173390577,34.11821239772168,63.65050998698425,86.4061611618926
emb_512,MinMaxScale_Logistic_OneVsRest,80.48999391447873,74.40937914851986,61.94087856593443,67.60504006757665,70.20427892618184,52.74404122700766,11.364694923145272,29.98964697571202,20.67717094942865,27.478660538380957,52.74219823041085,76.99340088251694,15.729699034550087,60.03320850702324,83.4870801691639
emb_512,MinMaxScale_Perceptron_OneVsRest,78.15035177815429,65.76072300593849,65.00276683132809,65.3795482138675,67.19633953337237,52.01724413507257,10.329927714733609,33.072869378244455,21.70139854648903,28.49291541431645,51.3809837636896,74.38839264312855,19.392523364410465,56.151489381524435,82.29716024336598
emb_512,MinMaxScale_Softmax_OneVsRest,81.16290371304359,74.41512553345886,64.52132100625262,69.11594936887259,71.36891496478472,54.840706277601214,11.810293993763006,31.920557940516492,21.86542596713975,30.588358240118517,55.07978892489825,77.68597687897672,20.240700218707655,60.85649440925166,84.59291899365445
emb_512,OnlineBagging_size_10,68.14339064230707,55.62528049721356,53.78542582883112,54.6898836293979,50.76190278979672,40.14192365188335,6.751718087438451,25.788004740922027,16.269861414180237,20.831061845041592,22.357561439566055,65.44243192952412,15.813253011988657,41.48892892427018,74.91830476090949
emb_512,OnlineBagging_size_50,67.25901992460959,56.0694860489264,55.2676790741599,55.66569541050031,49.550634178888465,39.92180272727537,6.701694414549872,26.589552630592756,16.645623522571313,22.49167156573462,19.457810485259785,65.57153295740797,17.78047792621393,38.57387390622107,75.65544952281483
emb_512,OnlineBagging_size_100,67.36278025138894,55.68823797418311,54.028276583741366,54.84570004530941,49.52411709096261,39.228530080151394,6.670833692558266,25.820677610192337,16.2457556513753,22.293284604831076,19.678893260559818,65.6401576915887,15.612648221282162,39.3160461520115,72.83015055063512
emb_512,OnlineAdwinBagging_size_10,71.41687571964572,60.86982477226505,66.2447295117656,63.443641055567845,58.14158628389493,46.63116277652104,9.18059742394967,34.57880422458558,21.879700824267623,27.56240308137284,42.855600248348445,68.43818650704667,26.768909027442422,47.30926776424386,66.85261003067204
emb_512,OnlineAdwinBagging_size_50,64.58576863636165,52.83891926077291,63.70492658542656,57.76537487535794,49.25946127598477,39.20447104822188,7.944025834228645,30.65338727639892,19.29870655531378,23.933631335698184,32.17800046487973,62.609999605377645,14.933239634548606,39.2885608533733,62.28339439545386
emb_512,OnlineAdwinBagging_size_100,61.68266852296957,50.34940718595941,62.138063134332846,55.62601120976562,45.778560468840496,36.555111436554185,7.390975445194867,28.510832824967796,17.95090413508133,21.8207899652983,28.5213630601674,60.25553058085411,11.880630630613908,36.42588379418573,60.426470588205675
emb_512,StdScale_LinearRegression,3.3264597589433085,,16.666666666666664,,0.0,0.5544099598238604,0.0,0.4607852548714017,0.2303926274357008,3.326459758943163,0.0,0.0,0.0,0.0,0.0
emb_512,StdScale_LogisticRegression,12.105371457591795,,21.477726232137517,,1.209006389768003,5.9306666787932425,1.288570035521844,3.0192302356249217,2.153900135573383,24.26243945395832,11.321560618801136,0.0,0.0,0.0,0.0
emb_512,StdScale_Perceptron,11.826926023702889,,20.079543250906244,,0.8545571335961285,4.900249940288382,0.9030173996028904,2.355131579811134,1.629074489707012,18.133395090298592,11.268104551431705,0.0,0.0,0.0,0.0
emb_512,RobustScale_LinearRegression,3.3264597589433085,,16.666666666666664,,0.0,0.5544099598238604,0.0,0.4607852548714017,0.2303926274357008,3.326459758943163,0.0,0.0,0.0,0.0,0.0
emb_512,RobustScale_LogisticRegression,12.11193856688163,,21.484458072508737,,1.2117440714912098,5.981460090996038,1.1360429014951057,3.0721103951333877,2.104076648314247,24.56492637212788,11.323834173848343,0.0,0.0,0.0,0.0
emb_512,RobustScale_Perceptron,11.841811471426508,,20.14180825499755,,0.8721355384002568,4.952691189260907,1.0239157463606934,2.899470899415737,1.9616933228882152,18.44300278033081,11.273144355234631,0.0,0.0,0.0,0.0
emb_512,MinMaxScale_LinearRegression,3.3264597589433085,,16.666666666666664,,0.0,0.5544099598238604,0.0,0.4607852548714017,0.2303926274357008,3.326459758943163,0.0,0.0,0.0,0.0,0.0
emb_512,MinMaxScale_LogisticRegression,11.841373664140518,,20.101127114025303,,0.8520765665853974,5.080681781847999,0.5991464215359494,2.039081304805011,1.3191138631704802,19.22415909646548,11.259931594622522,0.0,0.0,0.0,0.0
emb_512,MinMaxScale_Perceptron,11.773513534812247,,19.805770953443258,,0.7903297331393795,4.65104427245674,0.9452626950971308,2.5490499560551925,1.7471563255761615,16.641627181305164,11.264638453435277,0.0,0.0,0.0,0.0
emb_512,AdaptiveScale_LinearRegression,3.3264597589433085,,16.666666666666664,,0.0,0.5544099598238604,0.0,0.4607852548714017,0.2303926274357008,3.326459758943163,0.0,0.0,0.0,0.0,0.0
emb_512,AdaptiveScale_LogisticRegression,12.067282223710766,,23.699288131080035,,1.7379825608654489,4.588215411738816,3.772320778349567,2.3976463109756265,3.084983544662597,16.224071872102776,11.305220598330122,0.0,0.0,0.0,0.0
emb_512,AdaptiveScale_Perceptron,11.750747555940826,,22.27807130950133,,1.339102546188286,4.17506659114957,3.7237465629194046,1.9466915791354744,2.8352190710274394,13.864786695583032,11.18561285131439,0.0,0.0,0.0,0.0
emb_512,Softmax,79.71244817456252,69.28289505708429,67.68970862425805,68.47703632719795,69.54039659611323,54.99175650191721,11.19388225986965,34.75935039582516,22.9766163278474,32.47404224844927,54.07042210656014,75.84318596060488,24.95719178071508,58.45997854203067,84.14571837314318
emb_512,StdScale_Softmax,82.05603057646086,72.62088681393392,71.493801361338,72.05293675888433,73.0882283840512,58.82620095784286,12.590400320431566,38.07409472662821,25.332247523529887,35.81314878889472,59.283898703969854,78.42521621510198,31.800262811950063,62.29724017150042,85.33743905564006
emb_512,AdaptiveStdScale_Softmax,52.10650975653537,41.3422433092549,56.99762384670688,47.923791261234975,37.00174174094746,28.565751862285065,6.229262365016312,21.39492838514156,13.812095375078934,14.604719370745697,28.307719290546927,40.96928271431763,5.576835681357153,40.54634980863055,41.389604308112446
emb_512,RobustScale_Softmax,82.68866210471475,74.13584335317567,71.71799945421591,72.90688089942381,73.98520403447621,59.752811009867415,13.301068090784543,38.85867557095284,26.079871830868697,36.974552309107466,60.29080288261205,79.06331793528894,32.84336242520513,63.36443835017251,85.98039215681837
emb_512,MinMaxScale_Softmax,81.13225720302437,73.40288309613923,65.1755244703034,69.04497587229783,71.37843184853175,55.1009764741203,11.633836756420289,31.583782221363737,21.608809488892017,32.83430084526648,55.064655172396336,77.63274087631636,19.968387776501743,60.826432534536366,84.27934163970451
emb_grp_128,SGD,81.77408268428404,73.53746702206152,68.4530653630237,70.90423498153089,72.50636520717597,57.419896439233455,12.83208849389883,38.078745785980914,25.455417139939872,32.902912621327275,58.15864022661059,78.03631407291388,28.22778595960615,61.98318318317574,85.2105425717671
emb_grp_256,SGD,82.0074339677161,73.42241656519651,69.69719975366826,71.51132689372672,72.91142988463528,58.18892747491907,13.00316122233626,38.43329462891364,25.71822792562495,33.6411232745991,58.762886597919675,78.32908381462228,30.38936372255276,62.28873366869793,85.72237377112269
emb_grp_64,SGD,81.26141035239108,73.55758506707691,66.68762184633609,69.95433961477902,71.66549643694634,56.10627684882513,12.645238095235085,37.26607584309705,24.955656969166068,31.32697655936499,56.840355114955344,77.4965734096527,25.771604938139035,61.27961802446299,83.92253304637569
emb_grp_minmax_128,SGD,78.25279868307568,67.2135793212033,61.25906699297431,64.0983318488833,67.01820904409473,50.466144338110695,10.232480824485236,31.22143322579313,20.726957025139185,25.886977886952444,49.942364860750494,74.52024159191797,14.508276533522354,56.362304176400414,81.57670097912047
emb_grp_minmax_256,SGD,78.01725836321368,66.06938400160601,62.1179798671739,64.03278047670186,66.77255827392814,50.60287222006651,10.214327524875005,31.37913936144975,20.796733443162378,26.579194001849505,49.65450940333785,74.47167079412968,15.876565295098944,55.976588356881706,81.05870546910133
emb_grp_minmax_64,SGD,77.8552696673978,67.36745444009313,59.10515173508762,62.96641995616117,66.25993328218875,48.9202636471738,10.169114374719337,30.833716478201765,20.50141542646055,23.164191419118023,48.60389511741604,74.00501776475144,11.269841269781642,56.05891645757178,80.41971985440387
emb_grp_quantile_128,SGD,81.80910726716314,73.73265739125317,68.69964258194338,71.12722620289367,72.56849439808317,57.639199024469555,13.025595224102046,38.30590502594596,25.665750125024005,33.27188045795335,58.429619368429165,78.05394959074331,28.824397442061866,61.956378215508664,85.29896907212098
emb_grp_quantile_256,SGD,82.02713529558558,73.28724767086952,69.83474553383687,71.51935460611168,72.93971618954943,58.23770443930032,12.881002087679686,39.14698619427505,26.013994140977367,33.908484270701706,58.87282235451631,78.3602577575679,30.284647690012672,62.265129404946784,85.73488515805657
emb_grp_quantile_64,SGD,81.27366895639877,73.5550961010889,66.78305758419398,70.00568397879789,71.686028916298,56.15042459925704,12.64190376668108,37.294916357876495,24.96841006227879,31.730578183954165,56.716791979932104,77.54219860157282,25.935417734362197,61.33440034398417,83.64316075173674
emb_grp_robust_128,SGD,82.03676705587735,74.37463510122586,68.60202909469058,71.3717991647901,72.8834029354177,57.81421559155745,13.1820531121525,37.78530021216126,25.48367666215688,33.277227722739326,58.51695182774843,78.38393190714565,29.087261785210195,62.35486626640089,85.26505404010022
emb_grp_robust_256,SGD,82.27887448502919,74.17390861544769,69.69319688420606,71.86377732218912,73.28877295715613,58.52356385825264,13.239905446472758,38.844770366579674,26.042337906526217,34.252120277530594,59.24564183833304,78.66873065014839,30.413625303988255,62.63392479676495,85.92734028275058
emb_grp_robust_64,SGD,81.36341945002648,73.7220642077522,66.29552961467037,69.81184517623078,71.78171228881557,55.92413235562065,12.923191648020651,37.05070318202713,24.98694741502389,30.642220421362797,56.6709661182066,77.67389798843007,25.206611570117737,61.52862129978701,83.82247673581969
emb_ipca_128,SGD,83.0988875316863,76.13455985648194,69.9277557558216,72.8992811582208,74.50431733546087,59.51711240824594,13.865420186968487,39.39047399058122,26.627947088774853,35.247681073578796,61.70931916946347,79.30775018810488,30.279503105433335,64.20799533685528,86.35042557603988
emb_ipca_256,SGD,83.32216924754063,76.9598567247845,70.89363851250027,73.80230347432239,74.83885711563833,60.51106943549362,13.821197529059337,39.743785795514555,26.782491662286944,36.175480293091525,62.753049571741904,79.29111191075279,33.385093167529064,64.55947082998169,86.90221083986468
emb_ipca_64,SGD,82.4548730139967,74.94932967241982,68.51267784257621,71.58660843118035,73.49353898410018,58.05290417316598,13.472750316853366,38.27578840728956,25.874269362071463,33.283268248690014,60.32862348952742,78.75947185273677,27.953156822668262,63.037152413027734,84.95575221234567
emb_ipca_minmax_128,SGD,78.9388427002202,67.88362285277447,61.77086044308593,64.68314379906509,68.0580801940844,51.11860500255375,10.7335832156913,31.79725259054676,21.26541790311903,26.597650806264586,51.069412662074434,75.31551919226492,14.45255474445522,57.59315005914545,81.68334255111786
emb_ipca_minmax_256,SGD,78.47826943535995,67.13498066432696,62.85840982738304,64.9263491380482,67.46189272333307,51.41125049577502,10.458624352973384,31.47185150788743,20.965237930430405,27.199095874903744,51.10106770199858,74.71134200230651,17.34972677587728,56.79273262262452,81.31353799693944
emb_ipca_minmax_64,SGD,78.95372814794383,69.17130502854162,60.20698593152911,64.378587131039,67.94441447276579,50.29272980254288,10.78850134954252,30.87183815138092,20.83016975046172,25.033999372293085,50.41118674344707,75.3634589967843,11.61915008062604,57.60723508172679,81.72134854037998
emb_ipca_quantile_128,SGD,83.00694800162864,76.21652202199168,69.66907196571324,72.79586986737047,74.35756570096177,59.340535695764906,13.78295493890939,39.93193850357233,26.857446721240866,34.87432232623472,61.83782040945934,79.17524257570656,29.910948140230953,63.96894711304416,86.27593360991376
emb_ipca_quantile_256,SGD,83.31735336739474,76.86372861985856,70.50896383656037,73.54933632909606,74.8345553712893,60.18685190023323,13.885723982445544,39.44190731251684,26.663815647481194,35.78677702233147,62.6736617118227,79.37854956708954,32.11105290711309,64.60203907827035,86.5690311147722
emb_ipca_quantile_64,SGD,82.46844503986235,74.9292273761934,68.50909122349994,71.5754803003244,73.51367631269224,58.04485100936764,13.415249533225662,38.236078055363016,25.82566379429434,32.61477045904929,60.21656498544728,78.78213780429653,28.505864354775596,63.184229927837755,84.96553852479943
emb_ipca_robust_128,SGD,83.2249760300511,76.67635849370336,69.79273326047064,73.07279060235939,74.6786892335385,59.62072297024511,14.076291746241145,39.42835401721281,26.752322881726975,34.73841554555581,62.05370125042423,79.45895965108303,30.680021085763418,64.44377010377322,86.349470184871
emb_ipca_robust_256,SGD,83.52137156266555,77.06097730492876,70.6790145193356,73.73215426041088,75.14377233806637,60.42884526673774,14.035043991920933,38.987336571420435,26.51119028167068,35.99921011054897,63.11382298527697,79.61939588730448,32.18210361050664,65.0162604596698,86.6422785471196
emb_ipca_robust_64,SGD,82.560822377206,75.28125916384629,68.13673065839839,71.531038548645,73.62593078898007,57.93540856711885,13.62846307805393,38.23766757479092,25.933065326422422,32.74745605917077,59.95259145362933,78.8552199499237,27.43589743575674,63.412514484349245,85.2087720198833
emb_kmeans_128,SGD,78.5233635858168,67.94473391456681,62.814011442525405,65.27871282205537,67.54939765835371,51.497788762315665,10.6423522634086,32.18252898601199,21.412440624710293,28.836586299245276,50.57691731349819,75.08025554636744,16.949152542290804,56.490925410011016,81.05289546248129
emb_kmeans_256,SGD,78.41872764446546,67.77958651093289,63.808995988839904,65.73438639798117,67.44578680771735,52.007773734701026,10.614596670932434,33.31622247130859,21.965409571120514,29.339622641481753,50.58259081561207,74.76209783204347,19.48647409436274,56.45325025378275,81.42260677092337
emb_kmeans_64,SGD,78.33510645284159,67.66671334980657,61.81023729503572,64.60602583388561,67.19338300300359,50.75785393878526,10.60960506398546,31.85743634192152,21.23352070295349,27.14603696890821,49.13976242480801,74.99327414581059,16.132215096121698,56.548306221205,80.58752877585798
emb_kmeans_minmax_128,SGD,75.93329568190674,63.24759058389642,58.38127308970288,60.71708222241106,63.43359913512307,47.25464557948552,9.482858265712029,30.984954827007087,20.233906546359556,22.81151981748616,44.07554790044424,72.20204585755874,12.043795620383012,53.325659319362074,79.06930496167888
emb_kmeans_minmax_256,SGD,75.13254615583313,61.4051153036942,58.5144077979157,59.92492072727663,62.37301824111575,46.657809933229565,9.262796437383995,29.89801218578845,19.58040431158622,22.751465944950155,44.06670755569846,71.42413996339056,11.78861788613094,51.96512483722449,77.95080341198276
emb_kmeans_minmax_64,SGD,76.1311845751737,64.05217583374807,56.81617471803088,60.21757716766828,63.51538479569121,46.53454146620915,9.858437722779852,30.89810002001636,20.378268871398102,20.843898975534188,42.67661571788342,72.24089764842572,9.874686716742485,54.173289574488656,79.39786016418044
emb_kmeans_quantile_128,SGD,78.68009859420081,68.46655921425261,63.236533086602456,65.74770206894833,67.78577174670592,51.9368092266051,10.70288955858653,33.19967759756708,21.951283578076804,29.06418139889598,50.4532806749692,75.12325063612634,18.39690970536747,56.994056307430554,81.58917663684103
emb_kmeans_quantile_256,SGD,78.62274583973627,67.77973007972122,63.97110218076482,65.82036658625216,67.7563163706358,52.15572667447085,10.666580767080989,33.2755140703033,21.971047418692145,29.90742490078414,50.58104886768457,75.0611071744142,19.08223534748259,56.840429019711394,81.46211473674822
emb_kmeans_quantile_64,SGD,78.48177189364786,67.99325822189911,61.93846144470768,64.82478356606413,67.40459047113333,50.94493712566788,10.756917132406276,32.80316735200249,21.78004224220438,27.30716922476461,49.24042272125339,75.1432778164718,16.426799007362646,56.8250817374992,80.72687224665562
emb_kmeans_robust_128,SGD,79.09601551589022,68.85342500707134,62.962007541060395,65.7760594601107,68.371208647351,51.959751024276976,11.032924619328556,32.75534908718224,21.894136853255397,29.09623839762667,51.31523250890388,75.84759598919443,16.946640316121805,57.37751013425763,81.17528879955742
emb_kmeans_robust_256,SGD,78.91388768491885,68.32711969594477,63.50057953799055,65.82549379329889,68.14594203170459,52.16079081564996,10.836833169508797,32.63416155493888,21.735497362223835,29.843284299557883,51.25319693093088,75.48330544265875,17.6665092110644,57.11546107251607,81.60298793717176
emb_kmeans_robust_64,SGD,78.78035646269225,68.46158297817553,61.76695710956947,64.9421955681454,67.78997194466378,51.01976285972199,10.959911732251818,32.50300336786107,21.731457550056444,27.2736378204855,49.54317177949733,75.6576084806712,16.26177491315686,57.17931308968497,80.20307107483609
emb_srp_128,SGD,81.80560480887523,73.8104809857239,68.69212819324244,71.15938509601129,72.55744889685981,57.63700803656525,12.763036428619133,37.871037233201726,25.31703683091043,33.38834951453069,57.90216811519628,78.1089722781213,29.0801186942182,62.016044645963945,85.32639497136105
emb_srp_256,SGD,81.971095962979,73.15897042800087,69.80649151246237,71.44342387211651,72.85406957353936,58.16644313664059,12.81681960738464,38.761274059937776,25.78904683366121,33.63403285534742,59.03135162439333,78.26115271897768,30.283325592056283,62.1539203278416,85.63487570122722
emb_srp_64,SGD,81.39494157461769,73.54843619537176,67.01704132198478,70.13099766354756,71.86126770544573,56.3576330233874,12.675443894187058,37.42677514081912,25.05110951750309,30.661501787812213,57.47448658181382,77.55926137874268,27.240506328976,61.66087893664691,83.54916312633283
emb_srp_minmax_128,SGD,78.32897715083774,67.03509141358941,61.03308529377948,63.89344421246054,67.12544420729127,50.29126290769471,10.334041689546494,31.329996993636527,20.83201934159151,24.658342345861115,49.33179443565505,74.7722306800285,14.668615984333972,56.68802400083065,81.62856999945899
emb_srp_minmax_256,SGD,78.02601450893346,65.96743326787316,62.116266316658866,63.98395215605534,66.78049468638405,50.61153165499444,9.96949497231726,31.303744303524255,20.636619637920756,26.621608936424835,49.91715120656466,74.36460770056945,15.500442869727635,55.991538622462635,81.27384059421739
emb_srp_minmax_64,SGD,78.00149730091807,67.1016442421352,59.14997748683568,62.87540218330798,66.47104347623937,48.98709168595509,10.520582647242428,30.370154146057587,20.445368396650007,22.727272727249353,47.5597092419377,74.28767754377988,11.81959564535086,56.64213068313093,80.88616427428185
emb_srp_quantile_128,SGD,81.76576434585024,73.90866405076663,68.87856861107592,71.305016462219,72.49628079311951,57.76093460367168,12.678849695421288,37.88155566991016,25.280202682665724,33.317148960930936,57.751962323372766,78.08323663774632,30.22222222207298,61.921755220716854,85.26928225719016
emb_srp_quantile_256,SGD,82.0074339677161,73.25793779715161,70.11834473143801,71.65376652516629,72.91932420287549,58.359902179268296,12.805315676148265,38.917063147986816,25.86118941206754,34.262796027469186,59.24980299446517,78.2064124176396,30.801104972233883,62.27682879752192,85.36246786628001
emb_srp_quantile_64,SGD,81.43872230321657,73.89133117324076,67.22776837971685,70.40222497337312,71.93559207070382,56.583223811617664,12.530671157081422,37.62384065693662,25.07725590700902,30.690815518576116,57.60181423035131,77.5670335873491,28.16829143135881,61.74141215656873,83.72997594550196
emb_srp_robust_128,SGD,82.09455761762787,74.49408331037283,68.59900338480826,71.42511201875625,72.96563850752112,57.86377814471352,13.03114750055167,37.61741885569462,25.324283178123142,33.37285121514189,58.40204719929915,78.4773321637933,29.025744573301232,62.47440067460999,85.43029304213553
emb_srp_robust_256,SGD,82.2539194697278,73.97695431545614,69.82337828081059,71.84017967096742,73.26103886612144,58.532738977505595,13.012597480500778,38.68366701691055,25.848132248705664,34.47875326683334,59.443302229935334,78.5631045807497,30.324737344649837,62.62872596007985,85.75781048278556
emb_srp_robust_64,SGD,81.48644329738936,74.4270464636381,66.59884618069415,70.29567870371383,71.95977776833425,56.29531427534928,12.663195230545456,36.76530938231852,24.714252306431987,30.494645588954107,57.112164296980374,77.65272276429994,27.082242011382498,61.92579822575849,83.5043127647203
emb_512,KNN,83.91846277105743,75.59273130407131,72.33801619326431,73.92956925693187,75.79383207546928,61.11153761200923,16.85846788044863,42.870147452975615,29.86430766671212,30.29013868796878,64.39030711414267,80.60469180170456,39.72468043244973,66.84433511000947,84.81507252578022
emb_512,WeightedKNN,83.40710386102246,78.22929126094223,67.09577038736478,72.2360548755578,74.71068931215663,58.33496513520618,17.05170890805971,39.334237355914794,28.19297313198725,29.340682637238345,62.34481842924306,79.918467909903,30.169121658318776,65.61266253757042,82.62403763896351
emb_512,HoeffdingTree,64.62517129210065,49.83167602351992,51.38278486991648,50.59534509638321,45.874449466449576,35.9658664000807,6.661027124378287,23.70791355124956,15.184470337813924,17.87154296097571,21.665767547796666,62.6114239408189,9.7949389179542,36.47359164917042,67.37793338376828
emb_512,HoeffdingAdaptiveTree,67.52870921277872,55.22849557755421,64.74144135614489,59.6078067390893,53.54076250780949,43.24716572373325,7.658724837213706,32.29644150572783,19.97758317147077,22.225156236237027,37.06004624330592,64.31613667658883,18.44344344339729,42.17919600272062,75.25901574014979
emb_512,EFDT,71.70232607011046,60.486802147427674,55.66454644491144,57.97557149778507,57.14095482649893,43.24998152336428,7.982043298818625,28.23583718151091,18.108940240164767,19.086597804184315,34.746951219501604,67.47439759035636,14.337101747100014,49.4562489543194,74.39859182472404
emb_512,NaiveBayes,53.007954958386414,44.67749259601631,57.01540195486344,50.0979977007699,37.13526409645617,31.706239716643953,5.83307950045563,17.08943421908868,11.461256859772156,17.53747508880873,15.509501394696764,52.98353745189351,3.238533618279123,30.17270168407636,70.79568906210923
emb_512,SGD,79.87531248495038,68.79006669940301,66.70598741004765,67.73199933158288,69.72276276036973,54.46791436238675,11.32331386318144,34.225150928821904,22.774232396001672,30.21183743973978,54.61323678314424,76.09563356025976,22.64867144655146,58.758524506842214,84.47958243778298
emb_grp_128,KNN,83.16236958815469,74.87386248696382,71.084459941163,72.92997055670575,74.59335669405061,59.85181120661891,15.208785595705477,42.514577020053416,28.861681307879447,28.65304151912725,61.13500130308146,80.13312559648912,38.84422110533245,65.56217284809391,84.78330486758925
emb_grp_128,WeightedKNN,82.76659180162076,77.45502187793666,65.88864506452144,71.20518895374363,73.60191532507497,57.20901687489952,15.270832078081805,39.388540608768395,27.3296863434251,27.039151712859866,59.46056117940775,79.27277081503318,30.21463951551891,64.78697802662143,82.47999999995601
emb_grp_128,HoeffdingTree,64.51922192889134,48.671771209702904,50.8549934661378,49.739436721700855,46.21349853675264,35.67542859968085,6.5663921595308565,21.766198565504045,14.16629536251745,18.46135148273064,18.92631355256364,62.35849726581476,10.280594199457012,39.57616638560545,64.44964871191361
emb_grp_128,HoeffdingAdaptiveTree,67.27259195047523,54.95269560106835,65.65721782906004,59.82992612731758,52.592389422699085,42.79712916462289,7.696549550967749,29.601700722484154,18.64912513672595,24.359589788337612,35.00102997218174,63.7862684909482,18.68011401004455,41.333687076080686,73.62208565014456
emb_grp_128,EFDT,69.39289263651925,55.2719554086292,55.16354073430168,55.21769485605,53.565135725409995,40.76318107146139,7.600499866607563,25.93806254930222,16.76928120795489,20.261936550308175,29.58983517286952,66.10256260238224,14.824695121894724,45.263314591940215,68.53674238937343
emb_grp_128,NaiveBayes,54.165517422540944,41.664487264583066,52.65617280381291,46.51987039944933,36.903609672748914,30.05758206730583,6.068566424912709,16.639248050943085,11.353907237927896,14.339883682197655,11.527436065275143,54.534535912908254,4.461942257213809,30.398137646984967,65.08355683925518
emb_grp_128,Majority,47.53405046166778,,16.666666666666664,,0.0,7.92234174361095,0.0,6.1022047294428,3.0511023647214,0.0,0.0,47.5340504616657,0.0,0.0,0.0
emb_grp_256,KNN,83.52005814080758,75.2620959517495,71.63804399928529,73.40536698014061,75.12948754803473,60.43924628755221,15.53431295096236,42.6062583022103,29.07028562658633,29.03199675979827,61.82767452549358,80.5672320450056,40.0200100048023,66.19390056955442,84.99466382065903
emb_grp_256,WeightedKNN,82.96491850217372,77.7211159925156,66.31502616267662,71.56645218785182,73.9106147591501,57.62094419211928,15.64699345597739,39.23274967444947,27.43987156521343,27.85392798687822,59.630336925365015,79.52820151826003,30.996714129074498,65.1311967467001,82.58528784643785
emb_grp_256,HoeffdingTree,64.75914032161323,48.51508582611952,50.45326959119465,49.46519913570131,46.42153275786264,35.50196056973085,6.717583504090058,24.16123240796103,15.439407956025544,17.955127423473993,16.748148783481504,62.63974911238775,9.064629361947008,40.43776664811282,66.166342088982
emb_grp_256,HoeffdingAdaptiveTree,65.20614156060786,53.17398802392209,63.63132191116839,57.93454340613541,49.868268539109515,40.682955744669314,7.75807088407572,30.09996211351859,18.929016498797154,22.54688181420824,33.63206437957996,61.72415121969542,16.952463642246684,39.09398985591374,70.14818355637182
emb_grp_256,EFDT,70.62926041215178,58.19394383803131,54.29913331175441,56.17911420790094,55.17018965035546,41.820992045453465,7.948516267428252,26.91113728850622,17.429826777967236,18.80396774422407,30.98620853643117,66.61200658861796,15.743305632429625,47.92510577009092,70.85535800092703
emb_grp_256,NaiveBayes,53.024153827968,42.71946683010623,54.71283034412306,47.97799105336517,36.4313281380005,30.27563133497604,6.429447852759422,15.271501919093565,10.850474885926491,14.903699949311989,13.258871887573276,53.86197780193401,4.17610062892819,29.175771770753094,66.27736597135568
emb_grp_256,Majority,47.53405046166778,,16.666666666666664,,0.0,7.92234174361095,0.0,6.1022047294428,3.0511023647214,0.0,0.0,47.5340504616657,0.0,0.0,0.0
emb_grp_64,KNN,82.4583754722846,73.71293505821207,70.05233256209743,71.8360300272788,73.52939619621853,58.60992279896763,14.248059043416506,41.45582391094864,27.85194147718257,27.399623588435222,59.163801137622784,79.44734258755308,36.79245283000599,64.47347202063384,84.38284462955488
emb_grp_64,WeightedKNN,82.18562153311355,76.60839557639324,65.14331293384744,70.4121980446172,72.69194077187937,56.34678354914612,14.7179560786523,38.81000856054723,26.76398231959977,26.143393164966895,57.93487430401284,78.5818643798572,29.328235936486468,63.85907493862638,82.23325857092692
emb_grp_64,HoeffdingTree,64.25916440101396,48.19318439839331,49.392118725318,48.78528650034401,46.02349774166675,35.385470275845925,6.776893808369869,23.362218860516005,15.069556334442938,16.078084528387087,18.06704056344905,61.88069636085023,10.020876826696188,40.5628570201391,65.7032663555539
emb_grp_64,HoeffdingAdaptiveTree,66.07256217957979,53.53127778324893,63.62344715512657,58.14267286241244,50.80471603102787,41.204123666578816,7.262314198413618,29.352428314525987,18.307371256469803,23.193133047200345,33.311282811168155,62.589828740590505,16.199186991836996,40.13631498901142,71.7949954196655
emb_grp_64,EFDT,68.21913130278314,53.09654532334081,50.34624900919763,51.68483526814768,51.19459767830897,38.002482759147746,7.055421134764979,24.625520140660303,15.840470637712642,17.121776831203224,26.18458222907471,64.63640541083426,10.254462590162346,44.75488838419712,65.06278110941479
emb_grp_64,NaiveBayes,56.11113300147541,41.25668218409373,49.19821197886887,44.87883191773084,37.7121070839968,29.99516236350308,5.839498716592587,16.16362462958121,11.0015616730869,13.374891501614094,10.381328912125907,55.891444710482965,5.461191141678217,32.03388474157374,62.82823317354356
emb_grp_64,Majority,47.53405046166778,,16.666666666666664,,0.0,7.92234174361095,0.0,6.1022047294428,3.0511023647214,0.0,0.0,47.5340504616657,0.0,0.0,0.0
emb_grp_minmax_128,KNN,83.16324520272667,74.86472061087922,71.09984485595322,72.93372886212322,74.59554856273573,59.855101208057015,15.219444940890236,42.53699715175394,28.87822104632209,28.720920872551943,61.1172638436283,80.12725863685768,38.80522088333933,65.57048899055519,84.78945402140961
emb_grp_minmax_128,WeightedKNN,82.7928602387801,77.48798109436713,65.79151040682486,71.16233120539083,73.64010583462421,57.142210320115495,15.323216995442998,39.24318388015629,27.283200437799643,27.07588601774377,59.512642740599674,79.3347651478192,29.690949227209213,64.798954855559,82.44006393176215
emb_grp_minmax_128,HoeffdingTree,64.46405821085675,48.97858778096841,50.62523295806373,49.7882992433608,46.02168221910687,35.648935145153324,6.81468208416065,21.556956042201815,14.185819063181231,18.582827601697808,18.3498277653184,62.22548514389751,10.486891385739735,39.47881561298458,64.76976336128195
emb_grp_minmax_128,HoeffdingAdaptiveTree,66.20959586009431,53.92858920868352,65.02817950538741,58.960545371971854,51.23864083072793,41.480508398342835,7.60764711040843,29.80284204123923,18.705244575823833,23.477683756419665,34.1966740866743,62.82370980731811,16.43192488259825,40.650240955673134,71.30281690137357
emb_grp_minmax_128,EFDT,69.50716033816235,54.43249711716122,54.90843279176193,54.66942913573135,54.10767384222339,40.71227421918039,7.767244467714642,26.57838487466452,17.17281467118958,18.75710496398967,31.73216470788204,65.74312955692162,12.1201775349535,46.76608560328186,69.15498294805363
emb_grp_minmax_128,NaiveBayes,54.16464180796897,41.667534108400744,52.65273301055077,46.52042695873209,36.90307585405089,30.058295827910765,6.059913973581885,16.64615127255022,11.353032623066053,14.33108783073837,11.537506489985883,54.53495310515349,4.461134738933616,30.39491905830304,65.09017374435018
emb_grp_minmax_128,Majority,47.53405046166778,,16.666666666666664,,0.0,7.92234174361095,0.0,6.1022047294428,3.0511023647214,0.0,0.0,47.5340504616657,0.0,0.0,0.0
emb_grp_minmax_256,KNN,83.5187447189496,75.25351805224275,71.62507433918437,73.39447821521526,75.12764085345879,60.427994679756125,15.536001264584783,42.597034425892474,29.06651784523863,29.014495100794385,61.83298853969663,80.56477861920537,39.9699849922963,66.19639318518064,84.9893276413634
emb_grp_minmax_256,WeightedKNN,83.02883836592808,77.72917306418239,66.4877220367267,71.67032197191445,74.0127110341728,57.75909974389627,15.641661500305132,39.46068994662258,27.551175723463857,28.256205945420103,59.69029265295733,79.62282576502817,31.15111838499099,65.2259236826087,82.60823203237224
emb_grp_minmax_256,HoeffdingTree,64.49164006987405,48.26725628463384,50.07761292342858,49.1557718579926,45.8318027396359,35.16180829087083,6.776341558949271,23.396296189341083,15.086318874145178,17.082317644842128,16.79284632745285,62.665375699661986,8.94495412842327,39.277769212127566,66.2075867327172
emb_grp_minmax_256,HoeffdingAdaptiveTree,66.61544321420597,54.018361875590806,65.8423061210442,59.34713327093829,51.972481974730776,42.01696049003589,8.40131458218501,30.406017665371586,19.403666123778297,23.53602665555038,34.0368231607753,63.39745496094294,17.266047950469325,41.155614961142575,72.70979525133485
emb_grp_minmax_256,EFDT,70.68135947918447,57.88651385558641,54.999212135887674,56.40593843708556,55.52526562895098,41.968857806538786,7.81506553362987,25.722536432848365,16.768800983239117,19.698787151792818,31.272245918508233,67.09156100214928,15.089986155906368,47.92606558480373,70.73450102607228
emb_grp_minmax_256,NaiveBayes,53.019775755108114,42.716339886024066,54.70683630760402,47.97371436874869,36.42681957400094,30.272034323948105,6.432545201667669,15.271095931029771,10.85182056634872,14.894856853302535,13.257730627700449,53.85969166268635,4.176625990688025,29.17164692672327,66.271653882588
emb_grp_minmax_256,Majority,47.53405046166778,,16.666666666666664,,0.0,7.92234174361095,0.0,6.1022047294428,3.0511023647214,0.0,0.0,47.5340504616657,0.0,0.0,0.0
emb_grp_minmax_64,KNN,82.46012670142856,73.71757142146679,70.0390324609507,71.83123749853763,73.53153437401532,58.60540865127412,14.235063006081589,41.45805212652277,27.84655756630218,27.3839397741316,59.17580121506343,79.45187697249816,36.76105315431316,64.47159513767497,84.38818565396336
emb_grp_minmax_64,WeightedKNN,82.28237694331709,76.85346407365246,65.32194694310654,70.62005823245076,72.84203349073438,56.54733479586361,14.864277644191644,39.054041754837826,26.959159699514736,26.332860328373876,58.20673320925116,78.69481613322962,29.786066922491575,63.989980490851906,82.27355169098352
emb_grp_minmax_64,HoeffdingTree,64.10242939262996,48.290300242762974,49.725997028755046,48.997633928926135,45.84287730838458,35.47987949957903,6.662321084221916,23.28342541675297,14.97287325048744,16.882324218739694,18.211714744414987,61.93150565960816,10.174029451110648,39.83115886415533,65.84854405944533
emb_grp_minmax_64,HoeffdingAdaptiveTree,66.72051696284329,53.736666074728966,63.9969106508839,58.41970851655381,51.74669427267278,41.43977870464199,7.330303256090108,28.518809692802055,17.92455647444608,22.97520661156051,33.850774833195864,63.89592784576619,15.884691848874985,40.67249957110532,71.35957151734907
emb_grp_minmax_64,EFDT,68.50939753339375,54.52286129788978,51.67418029276989,53.06031359413391,51.51509935095467,38.95427274447458,7.287713472484689,26.36844360597022,16.828078539227455,18.299214909370978,25.703921743518062,65.09677511374356,13.528265107159736,44.437087579112486,66.66037201394266
emb_grp_minmax_64,NaiveBayes,56.10938177233146,41.25022822502577,49.17936245964508,44.867170360100104,37.70998762268258,29.990934484936304,5.83849290244529,16.167900982712762,11.003196942579024,13.361740182536796,10.38563558457193,55.89351639064333,5.438521066196392,32.029767484392416,62.83642620127695
emb_grp_minmax_64,Majority,47.53405046166778,,16.666666666666664,,0.0,7.92234174361095,0.0,6.1022047294428,3.0511023647214,0.0,0.0,47.5340504616657,0.0,0.0,0.0
emb_grp_quantile_128,KNN,83.13084746356348,74.84183475974497,71.12017063205079,72.93355615718328,74.55283445363922,59.84604407955262,15.13295032792335,42.06760765633244,28.600278992127897,28.583999999977134,61.042515067580695,80.10149964915063,39.00352289864619,65.52920116356312,84.81552569839795
emb_grp_quantile_128,WeightedKNN,82.80949691564767,77.48841151960538,65.9737156255502,71.26896174761873,73.67221186633087,57.29340441625259,15.385778664968278,39.16948644995919,27.277632557463733,26.94970474442379,59.44897959181651,79.3503795445402,30.506607929347435,64.85620685902774,82.6485478283599
emb_grp_quantile_128,HoeffdingTree,64.37868579008892,48.39403718157332,49.99308910925521,49.180568726511,45.680570145155976,35.20336542313322,6.842112886171395,19.98921409636088,13.415663491266136,17.848737697893746,15.72018806097287,62.98995663571452,9.74093264246181,38.59467605348254,66.32570144827382
emb_grp_quantile_128,HoeffdingAdaptiveTree,66.50117551256288,53.937422310667735,65.1385818328392,59.011170593221806,51.593874496167714,41.923232023728914,7.608882521488882,31.61985627995205,19.614369400720463,25.15711895825602,33.81778796503015,63.2443627393896,17.31391585757016,40.25294423472047,71.75326238740706
emb_grp_quantile_128,EFDT,67.82335351624921,53.58513158858022,51.30559810250802,52.42059491149262,50.74475927061921,38.086087750791215,7.29255505068056,24.86878913296301,16.080672091821786,18.195321203107937,25.038971734455416,65.23229628354166,12.336065573719935,43.53096387171942,64.18290783820292
emb_grp_quantile_128,NaiveBayes,54.37041123238373,41.61434679730255,53.01797463953566,46.62906604511052,37.264880507370464,30.23698635069873,6.089676348863104,16.845668631909625,11.467672490386365,15.130444304521031,12.39244559652942,54.24983231953695,4.443836116429925,30.88162398205702,64.32373578511802
emb_grp_quantile_128,Majority,47.53405046166778,,16.666666666666664,,0.0,7.92234174361095,0.0,6.1022047294428,3.0511023647214,0.0,0.0,47.5340504616657,0.0,0.0,0.0
emb_grp_quantile_256,KNN,83.53975946867708,75.31124143027812,71.67283740071873,73.44700738213946,75.16382445642408,60.48962993411452,15.519237854619844,42.5099642155445,29.014601035082173,29.020781110997795,61.96220213638062,80.5796010538135,40.04014049152012,66.20064047449115,85.13441433748392
emb_grp_quantile_256,WeightedKNN,83.0122016890605,77.82366291362722,66.45360136219313,71.69061179204246,73.98743431348393,57.75033922919416,15.7969757064899,39.45361927377025,27.625297490130073,27.98938016948025,59.70603315670494,79.59490833399411,31.37685134376645,65.19608436285405,82.6387780083652
emb_grp_quantile_256,HoeffdingTree,63.138377748882505,47.09950452792507,51.026330623670624,48.984345183713714,45.11350823256838,34.90249817266925,6.341611990303394,21.481447992324497,13.911529991313946,17.335288572317307,19.296274098486844,61.73079584270605,9.012969883471063,37.87608845733716,64.16357218169708
emb_grp_quantile_256,HoeffdingAdaptiveTree,66.48278760655135,54.04952794298826,66.38850490480235,59.58694718104827,51.8504476980544,42.00293290457669,7.741406476091235,27.95309052805472,17.84724850207298,24.295353604362703,35.77289470340765,63.236432139195095,15.788576300058333,40.2526521655042,72.67168851493217
emb_grp_quantile_256,EFDT,69.59472179536012,55.59373001997413,52.53292347010543,54.02000469430889,53.7748794623829,39.99063379302319,7.383288109649011,24.022593471461075,15.702940790555044,17.395888244585265,28.603780158514475,65.95197760918715,11.309244486103664,47.052230441599754,69.63068181814884
emb_grp_quantile_256,NaiveBayes,53.34068849573794,42.52731490125226,54.77350846572303,47.879764264334426,36.74427115348535,30.409748993914004,6.406435016943693,15.41030911860626,10.908372067774977,15.65605958022596,13.553012838135077,53.76804099477741,4.102466552530529,29.641222924453754,65.73769107336132
emb_grp_quantile_256,Majority,47.53405046166778,,16.666666666666664,,0.0,7.92234174361095,0.0,6.1022047294428,3.0511023647214,0.0,0.0,47.5340504616657,0.0,0.0,0.0
emb_grp_quantile_64,KNN,82.45749985771263,73.85507953128864,70.11113540705013,71.9344255002386,73.52678331993695,58.6794830994713,14.302847137268405,41.21268607195255,27.75776660461047,27.558313044822462,59.12643530280174,79.403725902069,37.18140929516651,64.5041624793657,84.30285257260233
emb_grp_quantile_64,WeightedKNN,82.22502418885254,76.69198979461828,65.23706168846003,70.502268802082,72.75435475802333,56.42344820835107,14.815135509563651,38.57891687567464,26.697026192619145,26.650416412729378,58.105505052192186,78.57415052396964,29.109776078486565,63.92315104793256,82.17769013479604
emb_grp_quantile_64,HoeffdingTree,64.91105944985136,48.01303368491976,49.12402616779094,48.5621765103735,46.6248087251375,35.242215364597065,6.737223227961742,20.62465809605223,13.680940662006986,17.038671165314664,17.320314618926684,62.8322253198897,8.54029396855413,40.71506388035602,65.0067232345412
emb_grp_quantile_64,HoeffdingAdaptiveTree,67.11454352023325,54.2597393231124,63.82752640320189,58.65602735359232,52.12360693681006,42.05089398754917,7.4074074074063105,28.327179249530214,17.867293328468264,24.28471737612269,33.42402789517291,63.84659292512737,16.997227553813186,41.3670113730634,72.38578680199545
emb_grp_quantile_64,EFDT,68.30100126526307,54.68017327677161,53.06361071072031,53.85976473018958,51.66349330198627,39.64913800963085,7.503643212625106,25.941953931994373,16.72279857230974,19.422128259323873,26.866092846048577,64.66413456320747,14.99803690610523,44.46772043419803,67.47671504890195
emb_grp_quantile_64,NaiveBayes,56.54675125103432,41.29801894835733,49.245205042583144,44.92284063505029,38.15160401069033,30.31351504946837,5.804224665139796,16.36957116014012,11.086897912639955,13.948953254942948,10.88849522193396,55.80027726845431,5.993766482843458,32.73143239774201,62.518165670893545
emb_grp_quantile_64,Majority,47.53405046166778,,16.666666666666664,,0.0,7.92234174361095,0.0,6.1022047294428,3.0511023647214,0.0,0.0,47.5340504616657,0.0,0.0,0.0
emb_grp_robust_128,KNN,83.1619317808687,74.87741200931389,71.09168194881364,72.93545524429187,74.59285380137095,59.855544032981,15.20745563640618,42.52506201847914,28.86625882744266,28.68291897978221,61.13174354962825,80.13100258578547,38.84422110533245,65.56007310976841,84.78330486758925
emb_grp_robust_128,WeightedKNN,82.7770991764845,77.54153730165369,65.8124403160839,71.19715658383019,73.6146886286859,57.17757304442491,15.381824777793282,39.22470739835824,27.30326608807576,26.839473415627268,59.49022939675124,79.29069182690523,30.127142067274036,64.80590156003571,82.51199999995599
emb_grp_robust_128,HoeffdingTree,64.53804764218886,49.18602278239918,50.897185254790145,50.02697580540914,46.04774281621344,35.82215012917111,6.737958861204997,22.04744096920997,14.392699915207482,18.994792845812206,18.30584458711028,62.29602745891977,11.083333333302546,39.07760411960892,65.17529843027296
emb_grp_robust_128,HoeffdingAdaptiveTree,66.6692935103826,54.48775852981759,65.9334470338399,59.66666293038016,51.870703879675894,42.25555362848485,7.908105239213298,30.417880200573883,19.16299271989359,24.095008256054832,34.30563534756508,63.44844716639395,16.752387950005964,40.64755129090634,74.28429175998292
emb_grp_robust_128,EFDT,69.66039288825844,54.95610967522514,54.96892890944264,54.96251854485739,54.12333173261117,40.94508943579431,7.875987977289342,27.65415650419752,17.765072240743432,19.725557461393983,31.374090247443565,66.16810383144679,12.096774193505972,45.959669883012715,70.34634099796281
emb_grp_robust_128,NaiveBayes,54.16464180796897,41.66469096674872,52.6541368551118,46.51920281139585,36.90232350456819,30.057338874777756,6.066778344626882,16.64148351988427,11.354130932255575,14.33658699049155,11.530213764923698,54.533701547566615,4.461538461534423,30.39575001491907,65.08624246923121
emb_grp_robust_128,Majority,47.53405046166778,,16.666666666666664,,0.0,7.92234174361095,0.0,6.1022047294428,3.0511023647214,0.0,0.0,47.5340504616657,0.0,0.0,0.0
emb_grp_robust_256,KNN,83.52005814080758,75.25949053574024,71.6408957199096,73.4056247343206,75.12991446989325,60.439949552345915,15.540166934354373,42.60459608296582,29.072381508660097,29.023639896349557,61.83424180729564,80.56707312085834,40.0200100048023,66.1955329544239,84.9991995303458
emb_grp_robust_256,WeightedKNN,82.99206255390501,77.72545877757241,66.3288156564239,71.57632284532767,73.95066600839573,57.64006785966234,15.697188978564586,39.25548637909375,27.476337678829168,27.8586065573485,59.691457046295206,79.58408014338116,31.000546746686712,65.15309209729334,82.55262456696906
emb_grp_robust_256,HoeffdingTree,64.77884164948273,48.613156290598894,50.055696519958225,49.323881424496655,46.3511982201257,35.36978527943428,6.7384284176524245,24.358399594130553,15.54841400589149,17.052878096871037,16.73548349839265,62.6264501160048,9.313420452169025,40.64559486645415,65.84488464671406
emb_grp_robust_256,HoeffdingAdaptiveTree,66.51299630928457,54.09834470314904,65.58565408104768,59.29072153505794,51.71617494699588,41.897077335825486,7.830417611697596,29.22112897368623,18.525773292691916,23.976116390537392,35.04874118298813,63.04428991458884,16.52173913040355,40.708223917767505,72.08335347866746
emb_grp_robust_256,EFDT,70.38846640485791,58.31568642052078,55.17666536732408,56.702765686022104,54.9181445892202,42.04547617946773,7.650914783288237,26.517918577358124,17.08441668032318,20.733417941339432,32.35423963268318,66.33573611334008,15.226529658966715,46.756490456217,70.86644327425999
emb_grp_robust_256,NaiveBayes,53.02327821339603,42.71840199455987,54.70834850853051,47.975596270590074,36.43004516374327,30.27453249486458,6.433274712689372,15.271501919093565,10.852388315891467,14.896743950331969,13.258871887573276,53.86275997465339,4.1768887211397265,29.174564464133436,66.27736597135568
emb_grp_robust_256,Majority,47.53405046166778,,16.666666666666664,,0.0,7.92234174361095,0.0,6.1022047294428,3.0511023647214,0.0,0.0,47.5340504616657,0.0,0.0,0.0
emb_grp_robust_64,KNN,82.45881327957059,73.70709101572554,70.05546142113145,71.83489975087804,73.53002433651152,58.610522289771424,14.241219033012069,41.45129328955483,27.84625616128345,27.4103710676807,59.176655847267035,79.44686478285269,36.7741935482046,64.46602905237809,84.38901944024546
emb_grp_robust_64,WeightedKNN,82.20050698083718,76.79339100850187,65.16477744839159,70.50280077536935,72.71190696188108,56.39973348200347,14.803312629395329,38.774866911463675,26.789089770429506,26.256358087460573,57.945880288798854,78.59468301358797,29.550438596329226,63.8860483861189,82.16499251972527
emb_grp_robust_64,HoeffdingTree,64.58182837078775,48.592055359659895,50.13300894998686,49.350506141043866,46.46952497324253,35.761269184702385,6.811662814335291,24.225384816055755,15.518523815195522,16.95961995248399,18.36034829202455,62.46108506749619,10.303361574172442,40.18177860019156,66.3014216218456
emb_grp_robust_64,HoeffdingAdaptiveTree,66.300221968294,53.78704703276198,64.5266023675413,58.66939975225509,51.42982075249449,41.53565150713449,7.16816446938139,28.02760665028014,17.597885559830765,22.047977956065303,35.5474130090082,63.41599677208608,16.99710863276126,39.782320996664104,71.42309167622199
emb_grp_robust_64,EFDT,68.1341966893013,52.90869405530457,52.86598195640183,52.887329382222944,51.73265443604369,38.93922621908081,7.1477350330060405,25.523552627097875,16.335643830051957,18.111173340788216,27.04723540447328,64.94252451429983,13.234776487105826,44.615744505458935,65.68390306235877
emb_grp_robust_64,NaiveBayes,56.107630543187504,41.25366130477187,49.197159385336064,44.87660664557118,37.70776124914665,29.993970690842374,5.837941903700225,16.18975942100591,11.013850662353068,13.375946969693452,10.377190074211224,55.88625564310662,5.461191141678217,32.03091062895448,62.83232968741025
emb_grp_robust_64,Majority,47.53405046166778,,16.666666666666664,,0.0,7.92234174361095,0.0,6.1022047294428,3.0511023647214,0.0,0.0,47.5340504616657,0.0,0.0,0.0
emb_ipca_128,KNN,83.39878552258867,75.25025483007292,71.43938429293567,73.29531799364428,74.93468651044715,60.27171999574714,15.609794176572144,42.86134391433794,29.23556904545504,28.91770011271628,62.170291531677734,80.29734010416861,39.74999999980125,66.05494327993911,84.44004494617987
emb_ipca_128,WeightedKNN,82.49865374259558,77.83221219317052,65.17271005340615,70.94212029057783,73.1335302751838,56.71427843763631,15.097354559976594,39.52668538887291,27.312019974424754,27.48344370858083,59.50593364008597,78.88058750437452,29.279031370229617,64.39390325349866,80.74277114904828
emb_ipca_128,HoeffdingTree,67.6044498732548,52.88025399285775,52.72576423562274,52.80289611364856,50.81067850481341,38.98920856391694,7.284421739396922,23.939869986661208,15.612145863029063,17.81085930749132,22.057932705539383,64.04438159468697,15.118050266507549,44.86600116911227,70.03802634016414
emb_ipca_128,HoeffdingAdaptiveTree,71.70889317940029,60.988663358367646,64.91063454589315,62.888561010212406,58.222241990066514,47.465434512031166,8.07955251709004,34.370536553033496,21.22504453506177,25.5929563967264,46.554473489365414,66.0250465629113,25.298245613946325,47.79158805903365,73.53029695020389
emb_ipca_128,EFDT,71.27765300270127,59.036399736756465,54.58843313426232,56.72535621109805,55.92402743436837,42.4044125380664,7.5479265260275055,25.44060146011173,16.494263993069616,21.199431099856824,28.152167396118426,67.02101305665168,14.940334128806969,48.80892506057693,74.30460448638757
emb_ipca_128,NaiveBayes,51.99880916418211,40.50247790383847,53.82502090534725,46.22293069176929,34.698673974685164,27.716956083254125,5.9629861478939405,15.154716929168014,10.558851538530975,14.593349582948056,17.383963909103713,52.202354993454215,8.558765092452148,26.992692046224192,46.570610875342425
emb_ipca_128,Majority,47.53405046166778,,16.666666666666664,,0.0,7.92234174361095,0.0,6.1022047294428,3.0511023647214,0.0,0.0,47.5340504616657,0.0,0.0,0.0
emb_ipca_256,KNN,83.4132331630263,75.64476651336491,71.33866166301361,73.42863711681815,74.94660512241609,60.33896353641893,15.7230369407792,42.78292876798177,29.252982854380488,28.670382165582264,62.552580623602005,80.3045900942791,40.48830111881745,66.20584667936505,83.81208053686775
emb_ipca_256,WeightedKNN,82.22852664714047,78.28959307061808,64.63563319364175,70.81041678724752,72.70898678700462,56.304145831449205,14.86737321118051,39.06085675236102,26.964114981770763,27.37864077667105,59.081267169712035,78.68110142061587,29.06320541744321,63.95606729112333,79.66459291312974
emb_ipca_256,HoeffdingTree,68.09391841899033,53.89224174041751,54.506088049806245,54.19742682731934,51.93659427257372,39.96868127365705,7.022544700698593,24.443229564784343,15.732887132741467,19.936342592581056,24.154629940649382,64.7988961609078,14.37499999994385,45.0936783933094,71.45354055455077
emb_ipca_256,HoeffdingAdaptiveTree,72.52890622605742,61.74982002453918,64.81389553341091,63.24476753283824,59.41473764100243,47.90822455733091,8.503044299809556,32.880665837300135,20.691855068554844,26.51757188496804,46.78637070548656,66.81603828918136,24.39668174953093,49.61544958053605,73.31723513428247
emb_ipca_256,EFDT,71.12573387446314,58.93980228739654,53.601255836749715,56.143908259493344,55.96737945021063,42.07755521441134,7.729690078854495,25.772226850923957,16.750958464889226,16.247492670871587,29.774611022239416,66.52547716364383,14.762386248661466,49.76508007365105,75.39028410740066
emb_ipca_256,NaiveBayes,46.53803888604314,38.48542048114065,51.46258759981478,44.03786954445627,29.90642894345036,24.06506117645791,5.754753473977779,13.28925762784733,9.522005550912557,12.271299205320224,15.106376484229692,46.66295884315525,4.771499959696323,24.254308033599585,41.32392453274637
emb_ipca_256,Majority,47.53405046166778,,16.666666666666664,,0.0,7.92234174361095,0.0,6.1022047294428,3.0511023647214,0.0,0.0,47.5340504616657,0.0,0.0,0.0
emb_ipca_64,KNN,82.93602322129846,74.47809078276255,70.95000388557445,72.67125162408752,74.24111034223976,59.61696096026458,14.82863254240292,42.356068838888426,28.592350690645674,27.93950235808429,60.72321225693488,79.87544773688701,39.42687747016094,65.08442218529925,84.65230375422107
emb_ipca_64,WeightedKNN,82.2385962147182,77.54523116440716,64.71723675135485,70.55287536804289,72.73169325545517,56.25637006602923,14.778649561876534,38.88935283658454,26.83400119923054,25.669524716814152,58.7073853931616,78.65757192714044,29.32745314206545,63.76153891965175,81.4147462973419
emb_ipca_64,HoeffdingTree,67.44070994829497,51.90923373381724,51.40362448278222,51.655191891949585,49.74593055094973,37.908180063509114,6.820282582859035,23.37594108720231,15.098111835030672,18.79180454832163,20.912985669959845,64.78660455746746,10.984050556692797,41.69803525522842,70.27559979338453
emb_ipca_64,HoeffdingAdaptiveTree,71.21854901909278,59.56759248056298,64.00368645955143,61.70601364616349,57.48194971084576,46.24842081520517,8.254476634152109,31.75965364516748,20.00706513965979,25.946561226919513,43.770700636930286,65.84445101732133,21.51270923737907,47.609790580537286,72.80631219214354
emb_ipca_64,EFDT,70.8367810657105,58.5372487290215,54.16673031303759,56.26724792012596,55.01214425667309,42.1033362331462,7.675742695399829,26.308982156808447,16.992362426104137,21.21095553160393,26.93671942531016,66.94142544567116,15.419296663591435,47.579161701580624,74.53245863111988
emb_ipca_64,NaiveBayes,55.875154874327414,44.12339437956885,52.55490921761105,47.9714868736843,38.28004867662605,31.335647621899337,6.638186000656098,15.993190095057445,11.31568804785677,16.59651073517682,17.825037850109336,55.08989901330869,9.208290859635715,30.260009055038456,59.03413821812696
emb_ipca_64,Majority,47.53405046166778,,16.666666666666664,,0.0,7.92234174361095,0.0,6.1022047294428,3.0511023647214,0.0,0.0,47.5340504616657,0.0,0.0,0.0
emb_ipca_minmax_128,KNN,83.3935318351568,75.25131620339907,71.43660804813263,73.2943602298221,74.92665508208702,60.26926806984242,15.616459748570936,42.870476539930394,29.243468144250663,28.896757061214373,62.17851239667366,80.29617777196594,39.76988494227229,66.03339877238811,84.44087747454016
emb_ipca_minmax_128,WeightedKNN,82.83839219652293,78.15746501668643,65.64773926412781,71.35848678941245,73.6630530281698,57.22593162251574,15.43317704023308,39.67967990800324,27.55642847411816,27.772580812776457,59.90116118328037,79.293042104753,29.87872105826969,64.94341254774912,81.56667202826574
emb_ipca_minmax_128,HoeffdingTree,67.54359466050234,53.4222257485658,53.65844160802536,53.540073136716806,50.92945624464977,39.58221296092408,7.159560252671411,23.39152769427341,15.275543973472413,19.087110660914732,22.228491590084847,64.24489736112878,16.068122917378496,44.77045373347124,71.0942015025664
emb_ipca_minmax_128,HoeffdingAdaptiveTree,72.16508837140067,61.50728069173902,65.23054427914477,63.314222057605974,58.87827258531802,47.87457398125712,8.554572271384972,33.44181235733455,20.99819231435976,26.6812333090394,45.97704383051652,66.468539115216,25.27317588993559,48.91469575713675,73.93275598569845
emb_ipca_minmax_128,EFDT,71.5201982391391,59.09263209575233,54.29880187207169,56.59438301445188,56.30047783909915,42.48365950575315,7.982856873733028,26.395030755752437,17.188943814742732,18.575530387606815,29.54845682717979,67.2219902268865,15.735086895182082,49.469183131813914,74.35170956584982
emb_ipca_minmax_128,NaiveBayes,51.993555476750245,40.49734863522277,53.82048664485529,46.21791848597337,34.69117468424675,27.7124915711111,5.961646473560786,15.165835873019496,10.563741173290142,14.592696943267237,17.371567759074026,52.19590710507749,8.562691131485378,26.989134244651886,46.56295224311059
emb_ipca_minmax_128,Majority,47.53405046166778,,16.666666666666664,,0.0,7.92234174361095,0.0,6.1022047294428,3.0511023647214,0.0,0.0,47.5340504616657,0.0,0.0,0.0
emb_ipca_minmax_256,KNN,83.4132331630263,75.64187388164068,71.34473893332274,73.43049331038934,74.94658745764538,60.33945907138371,15.712164598574688,42.79545303529315,29.25380881693392,28.70680044590802,62.553006778168694,80.30361213467434,40.46771733583901,66.2034057719833,83.80221196172887
emb_ipca_minmax_256,WeightedKNN,82.61861293895653,78.32927657228474,65.22741288087163,71.1804665195707,73.3199307738414,56.870522663529414,15.277095109358788,39.59025947097357,27.433677290166177,27.682689351206633,59.669025811802776,79.15029861709311,29.658645774876003,64.58993354135626,80.47254288484169
emb_ipca_minmax_256,HoeffdingTree,68.12675396543949,54.80473706518339,54.41621641934154,54.6097857196728,51.64915056989805,40.31430217542232,7.12492491567343,23.361727942621023,15.243326429147226,19.44950783812161,24.65629163476921,64.67256791776602,16.660298051140007,44.616024365842335,71.83112324489478
emb_ipca_minmax_256,HoeffdingAdaptiveTree,72.39712623297477,61.865547455298696,65.24694608780604,63.51127142572594,59.373365459302775,48.12507037366209,8.915654543617919,34.21883541362376,21.56724497862084,26.621645637091035,48.59015652369086,66.28797428462859,24.119850187175583,49.34872804528878,73.78206756409764
emb_ipca_minmax_256,EFDT,71.19534523293537,59.38550681859349,55.15950111065015,57.19454716595188,56.01442876369017,42.79211248415491,7.852552154007866,25.45939312212725,16.655972638067556,21.88438713457258,29.67654510103409,66.95213661390494,14.730189596428149,48.64321036775438,74.86620609123534
emb_ipca_minmax_256,NaiveBayes,46.54154134433105,38.4898536388049,51.46569616664052,44.04190996903412,29.909784573665664,24.068370411179306,5.753298329638746,13.282264067014903,9.517781198326825,12.273794340004017,15.116456546288006,46.665303451656584,4.771884571977453,24.255198368477153,41.327585188672614
emb_ipca_minmax_256,Majority,47.53405046166778,,16.666666666666664,,0.0,7.92234174361095,0.0,6.1022047294428,3.0511023647214,0.0,0.0,47.5340504616657,0.0,0.0,0.0
emb_ipca_minmax_64,KNN,82.93295857029652,74.45067763420937,70.93944488288561,72.65266238295497,74.23585231606124,59.60333880175829,14.820433744524768,42.346777479228486,28.583605611876628,27.910192792623516,60.71347421038702,79.86813186812537,39.3685249134713,65.08237569265435,84.67733333328817
emb_ipca_minmax_64,WeightedKNN,82.7223732657359,77.6213358363371,65.58076324995355,71.09485798194267,73.51091813702566,57.01139455646774,15.228320690163551,39.45119926258822,27.339759976375884,26.91381296468016,59.3707343707141,79.31111590278643,29.81400437620452,64.55276345674676,82.10593626767447
emb_ipca_minmax_64,HoeffdingTree,67.34351673080543,51.70441646633556,50.9792537428641,51.33927451743714,49.77931586037796,37.839666521861155,6.784975433151217,22.84061097552764,14.812793204339428,18.885662933762692,21.588976332548768,64.6945850720509,9.586523736570946,42.00873858025966,70.27351247597396
emb_ipca_minmax_64,HoeffdingAdaptiveTree,71.53858614515063,60.12511725767112,64.0990203872827,62.04850667431908,57.90085601168572,46.67737547449889,8.221598923457218,32.872997622082224,20.547298272769723,25.908250313174307,44.27249789738036,66.29542426964386,22.67657992557392,47.63831748386416,73.27318295735675
emb_ipca_minmax_64,EFDT,70.7268914369273,58.00588379005958,54.732445178598624,56.32164116000352,55.270593719376315,42.31229857708308,7.54651233258476,25.223882546165683,16.385197439375222,19.282373687020407,29.694410936863207,66.55665002999966,16.417910447689124,47.93409119356753,73.98835516735856
emb_ipca_minmax_64,NaiveBayes,55.87427925975545,44.12719221478041,52.55950156259144,47.97564458054359,38.27908556335242,31.33778057206959,6.634144653760508,15.999350245971126,11.316747449865815,16.59342404828279,17.81220435193524,55.09306835829927,9.239130434751226,30.26304441569316,59.025811823455854
emb_ipca_minmax_64,Majority,47.53405046166778,,16.666666666666664,,0.0,7.92234174361095,0.0,6.1022047294428,3.0511023647214,0.0,0.0,47.5340504616657,0.0,0.0,0.0
emb_ipca_quantile_128,KNN,83.42461615246201,75.35805865602248,71.63078561195904,73.44716492745175,74.97672616086332,60.42330446341343,15.585292971283463,43.06698742120336,29.32614019624341,29.293908547399177,62.33749048924465,80.28955684573461,40.12993503228321,66.03724362397779,84.45169224184117
emb_ipca_quantile_128,WeightedKNN,82.61905074624252,77.95457998714885,65.5112713377139,71.19329923316182,73.3265493194693,57.02848394953581,15.25192244885388,39.763513607640405,27.507718028247144,27.465951300012932,59.789568407552075,79.02892809029335,30.269675288771214,64.54629153563013,81.07048907495513
emb_ipca_quantile_128,HoeffdingTree,67.90522347872914,53.05882344757684,52.55164710756334,52.80401746347213,50.87379058200177,38.793533753631245,7.310771181737766,23.62758647620843,15.4691788289731,18.45675335846836,21.89116125998417,64.95376231037791,14.238165680420718,43.62058810202941,69.60077181050691
emb_ipca_quantile_128,HoeffdingAdaptiveTree,72.03111934188809,60.491203434613126,64.80348904779596,62.57313796134355,58.76622212374906,47.26232307978065,8.916914678460149,33.22635178683462,21.071633232647383,26.63486504436529,45.11546282625001,66.43530305759808,22.51767081783064,48.96457491011581,73.90606182252412
emb_ipca_quantile_128,EFDT,70.82364684713083,57.22490787522253,55.46572819642227,56.331587022979704,55.85501051752107,42.46976687685519,7.782712062081104,27.57061599945649,17.676664030768798,19.099673574721702,29.00905923344139,67.12820009512014,17.191383595620582,48.96673163816238,73.42355312406497
emb_ipca_quantile_128,NaiveBayes,53.54645792015271,41.97790657635177,54.66378553015038,47.48822650095123,36.43806810838852,28.922576490963444,5.889774342430029,15.678408680802768,10.7840915116164,14.394760614269558,18.808895589893165,53.34198166657133,12.494567579286192,29.002912838894357,45.49234065686606
emb_ipca_quantile_128,Majority,47.53405046166778,,16.666666666666664,,0.0,7.92234174361095,0.0,6.1022047294428,3.0511023647214,0.0,0.0,47.5340504616657,0.0,0.0,0.0
emb_ipca_quantile_256,KNN,83.5073617295139,75.81234726069596,71.5618021295863,73.62577787345852,75.0959600807341,60.5559648239144,15.856824925811823,43.467383511493246,29.662104218652537,28.86204704384229,62.789065632915786,80.4527943858665,40.98109351026581,66.28295995241051,83.96782841818555
emb_ipca_quantile_256,WeightedKNN,82.48945978958982,78.62553050104353,65.20539002177217,71.28937732378662,73.12874491728304,56.868820055464816,15.071221632057258,39.89043338873663,27.480827510396946,27.925260363459337,59.67590499702344,78.91315631862017,29.977375565441307,64.36793873219472,80.35328435604994
emb_ipca_quantile_256,HoeffdingTree,68.44416424778142,54.198576866199886,53.3232355093061,53.757343085187294,51.99929674311069,39.86400812894511,7.35984384923902,23.416024324604436,15.387934086921728,19.048631787878172,24.90466576939634,65.10094586494269,14.896030245690376,44.855177005876726,70.37859809988637
emb_ipca_quantile_256,HoeffdingAdaptiveTree,71.6620477997995,60.82256089782197,64.36774485497918,62.54495598130351,58.08328594584344,47.08554506471136,8.222644915853984,32.01931075038963,20.12097783312181,26.497222893005013,46.346961201418296,65.73201971967822,23.09810671248503,48.083920154937914,72.75503970674364
emb_ipca_quantile_256,EFDT,70.94316823620579,58.42142313538757,55.340070558291806,56.83901597026584,55.80414771235196,42.42814556929241,7.733519337507386,26.093589267442013,16.9135543024747,21.96544276456302,30.945017182121724,66.78341788579026,14.559925093564797,48.408715974698886,71.9063545150158
emb_ipca_quantile_256,NaiveBayes,47.720994172785026,39.39158748545787,52.34212761550064,44.95270897666828,31.27603627659567,24.736086126672177,5.6751816682261635,13.711497686107796,9.69333967716698,11.760668942223951,17.85530731323341,47.386570167463375,7.769877181631843,25.723038408324474,37.92105474715601
emb_ipca_quantile_256,Majority,47.53405046166778,,16.666666666666664,,0.0,7.92234174361095,0.0,6.1022047294428,3.0511023647214,0.0,0.0,47.5340504616657,0.0,0.0,0.0
emb_ipca_quantile_64,KNN,82.95484893459597,74.5666461426207,70.98451412347418,72.73150054694474,74.26749239371367,59.662508279707815,14.839668193632576,42.41761424588395,28.62864121975826,28.202192049707016,60.80072675359782,79.89791017071309,39.48540326551468,65.06240626664703,84.52641117206731
emb_ipca_quantile_64,WeightedKNN,82.30382950033055,77.51604068746684,64.91584342609372,70.65860557270017,72.83875726268654,56.40488381930114,14.768245985021784,39.25885163942205,27.013548812221917,25.909906108211928,58.854860186398014,78.70943120199098,29.592959295766818,63.89094556831261,81.47120055512652
emb_ipca_quantile_64,HoeffdingTree,67.25639308089364,51.486536692887,51.96244689810433,51.72339709878832,49.629997230109325,37.86844656549451,6.82227077041592,23.596204363869813,15.209237567142866,18.384098772119675,19.28412956662645,64.45116164633478,12.320749195164412,42.45746129463647,70.31307891808525
emb_ipca_quantile_64,HoeffdingAdaptiveTree,70.93353647591402,58.89273911634382,63.94659051533957,61.3157021271828,57.07809204451173,45.85969305237068,7.990079115909834,32.75626409761422,20.37317160676203,26.144685918412534,42.50096530419701,65.88664712750723,21.081745543881127,46.78760902795985,72.75650539226636
emb_ipca_quantile_64,EFDT,70.63757875058558,56.35252355282022,53.39946261046856,54.83626455720444,55.05960250152744,41.1870281023615,7.5578970136098444,26.16074557889579,16.859321296252816,16.9649028492305,29.017647058815,66.78983053337055,14.041368337255204,48.39433082166663,71.91408901383113
emb_ipca_quantile_64,NaiveBayes,57.80150693267837,46.348474716612856,52.65910491303424,49.30267362945192,40.06053912591076,32.652175026993824,6.393416398569809,16.43260583594175,11.41301111725578,17.287218737406548,18.154948916656625,56.91471772980994,10.47422680408052,31.693229343276624,61.388708630732694
emb_ipca_quantile_64,Majority,47.53405046166778,,16.666666666666664,,0.0,7.92234174361095,0.0,6.1022047294428,3.0511023647214,0.0,0.0,47.5340504616657,0.0,0.0,0.0
emb_ipca_robust_128,KNN,83.39878552258867,75.26071742612541,71.44029067657657,73.30075776556386,74.9346225155308,60.27583989779873,15.61361507233902,42.852312368679705,29.232963720509364,28.92701788301198,62.17484713268478,80.29652368433288,39.76988494227229,66.05123872473897,84.4355270197515
emb_ipca_robust_128,WeightedKNN,82.48026583658405,77.76221959551796,65.10665347916053,70.8739108249198,73.10458923877403,56.65042136990114,15.034604623762323,39.393342251884775,27.213973437823547,27.510600889412025,59.48004292586302,78.83592406191639,28.91698735553097,64.38271236958994,80.77626061709452
emb_ipca_robust_128,HoeffdingTree,67.4586600470205,53.124982959466,53.30051055454699,53.21260200815161,50.63930415153573,39.267041420815744,7.324420730792344,23.966273273874116,15.64534700233323,18.480793555676396,22.19398101829971,64.04580650301219,16.407140144259753,44.17455975766393,70.29996754598253
emb_ipca_robust_128,HoeffdingAdaptiveTree,71.78988752730822,61.30436140690533,65.26907037987598,63.22462183060647,58.38867388240582,47.74821589597702,8.377265238878357,34.453557468954784,21.41541135391657,26.192776905407538,46.45105091602606,65.85971543254675,26.040554962554108,48.25195800699347,73.69323915233416
emb_ipca_robust_128,EFDT,71.17783294149581,57.33929090794523,54.08825569729684,55.66634683464754,55.926509245077995,41.69556505160938,7.897429338788864,26.524705603437987,17.211067471113424,21.36466194661062,28.913406104583157,67.03423835046223,11.414048059096976,48.9533307291012,72.49370511980206
emb_ipca_robust_128,NaiveBayes,51.99837135689612,40.50027423595353,53.82364989759852,46.22099008828848,34.697470213657176,27.71576502731043,5.966100606721138,15.158263860023,10.56218223337207,14.59498143757781,17.3756607898986,52.20114814931871,8.55745721270086,26.9947316990242,46.570610875342425
emb_ipca_robust_128,Majority,47.53405046166778,,16.666666666666664,,0.0,7.92234174361095,0.0,6.1022047294428,3.0511023647214,0.0,0.0,47.5340504616657,0.0,0.0,0.0
emb_ipca_robust_256,KNN,83.4132331630263,75.64358551905164,71.34110754990505,73.42937631530624,74.94692846803804,60.33950686622569,15.72974119643198,42.813899260953285,29.271820228692633,28.67149566184138,62.55383074609829,80.30508529968623,40.48830111881745,66.206247834043,83.81208053686775
emb_ipca_robust_256,WeightedKNN,82.2035716318391,78.35452437484406,64.6646622455765,70.85439336974441,72.67163743074887,56.32766609458738,14.865753752312724,39.017932542006925,26.941843147159823,27.437155119530516,59.08110740120372,78.62904511397429,29.28208027117421,63.9151916795321,79.62141698210945
emb_ipca_robust_256,HoeffdingTree,68.16790785032244,54.13065520426621,54.58563936644553,54.3571952174591,51.965825569902165,40.08741583135887,7.044575676727863,24.808534872692757,15.92655527471031,20.364941669147253,24.57921903051375,64.88845067105714,14.795918367288872,44.747453191508235,71.14851205863798
emb_ipca_robust_256,HoeffdingAdaptiveTree,71.60907311819483,60.996147696022305,65.15113265331043,63.00521261940128,58.251595526229835,47.44369989227171,8.81599999999859,33.30906391022513,21.062531955111854,25.708442886341977,46.453299224189735,65.44160907457302,25.211864406690637,48.68082368081828,73.16616008101663
emb_ipca_robust_256,EFDT,71.20541480051311,60.30662473109785,55.30065522808402,57.69525696654041,56.35599997874318,43.034257873041035,8.050203610282617,27.675667409646,17.86293550996431,19.555843035777233,30.39653767247551,66.48948083555563,16.813700051806883,50.29385453350731,74.65613110912366
emb_ipca_robust_256,NaiveBayes,46.537163271471165,38.48405838590463,51.47157311532226,44.04026722790345,29.903932755291137,24.06496820701052,5.750546785495566,13.295795812078046,9.523171298786806,12.271979595983463,15.100732600727987,46.660669011200895,4.781486856954699,24.25223671898565,41.32270445821042
emb_ipca_robust_256,Majority,47.53405046166778,,16.666666666666664,,0.0,7.92234174361095,0.0,6.1022047294428,3.0511023647214,0.0,0.0,47.5340504616657,0.0,0.0,0.0
emb_ipca_robust_64,KNN,82.9382122577284,74.48496374016612,70.95531113203589,72.67730732062911,74.24423325178053,59.62286265963793,14.831488620814618,42.356184283512334,28.593836452163476,27.964860907737133,60.71996624141892,79.87561156290816,39.42687747016094,65.08770842371969,84.66215135188274
emb_ipca_robust_64,WeightedKNN,82.18124346025365,77.54365328745166,64.65531061920181,70.51540815921923,72.64142747774513,56.19904228909225,14.757446808506453,39.27778545452472,27.017616131515584,25.74058400335829,58.58665209370224,78.55673051712692,29.194260485490094,63.680727480472335,81.4352991544036
emb_ipca_robust_64,HoeffdingTree,67.40130729255597,51.71427634306382,50.31550723250914,51.00530363148508,49.60004039069988,37.517530666206824,6.816489317687985,22.815830158708778,14.81615973819838,18.202005730645983,20.94807589364749,64.65607132609263,9.367245657539184,41.93654502761642,69.99524036169919
emb_ipca_robust_64,HoeffdingAdaptiveTree,71.92122971310488,60.34522499883687,63.96999202030681,62.10476326554225,58.442537363475054,46.93071556833162,8.654505107200885,33.87615450541484,21.26532980630786,26.234664988973744,44.06042058566301,66.45933722043092,22.5553662690884,48.68706039968196,73.58744394615168
emb_ipca_robust_64,EFDT,70.15161266313794,56.694716448757944,52.97608975163804,54.7723590459432,54.345420283446266,41.087745137328305,7.791192964176173,26.076822134814563,16.93400754949537,17.0573125702223,27.20426468098742,65.89154082742922,14.516129032193028,47.98734419510117,73.86987951803668
emb_ipca_robust_64,NaiveBayes,55.87077680146753,44.118376313911185,52.55114271994867,47.96695201168163,38.27418091120385,31.331956940436474,6.6351776878081195,15.993189596546204,11.314183642177165,16.5951927149469,17.82225060913164,55.084333253489994,9.202037351411878,30.25720075887911,59.03072695475933
emb_ipca_robust_64,Majority,47.53405046166778,,16.666666666666664,,0.0,7.92234174361095,0.0,6.1022047294428,3.0511023647214,0.0,0.0,47.5340504616657,0.0,0.0,0.0
emb_kmeans_128,KNN,78.93752927836225,68.15078256563622,66.1292379418239,67.1247933858348,68.29163289269047,53.316784232287105,11.46094191776164,37.19912473641307,24.330033327087357,25.99773670311128,50.080106405474424,75.66254908506419,27.777777777650243,58.75407854984185,81.62845687258063
emb_kmeans_128,WeightedKNN,79.0452298707155,70.4617626205573,61.56923673313345,65.71603584999562,67.91721524693469,51.39400687280613,11.885465996189064,33.98550828799314,22.9354871420911,25.97226263211524,48.15051223947654,75.45576813937173,20.312499999894207,58.83970044553289,79.63329778044613
emb_kmeans_128,HoeffdingTree,63.8178546567372,45.357757220526366,41.44630217116465,43.31390316863933,42.76722510150933,30.961494003463347,6.264284960792176,19.281861642046696,12.773073301419435,9.455562352521667,7.9838845056209555,61.22352272188374,4.986482427140323,39.31048635337171,62.80902566024168
emb_kmeans_128,HoeffdingAdaptiveTree,53.96193703455613,41.72803560908616,48.91863481852836,45.03813600711318,33.072378462112916,27.680619787030015,5.490589834326535,19.924835518782057,12.707712676554294,15.424696645247884,19.38573467789764,53.955346460361774,6.104129263908056,23.70189143204584,47.511920242718894
emb_kmeans_128,EFDT,67.21830384701262,50.245689921881855,46.27133447862196,48.176684661082106,48.550701229437045,35.129094266021376,7.080937407708583,21.326677275711567,14.203807341710077,11.613505259576169,14.529942468614497,64.12521061790017,8.136381247546934,43.03891560996469,69.33061039252583
emb_kmeans_128,NaiveBayes,38.18248683294587,36.923119382988446,47.18768116623841,41.429076259658345,24.03570622803896,18.960350581712547,4.655786452749791,9.805678145129743,7.230732298939767,9.602888086641093,15.301142675762716,42.77906919234031,2.6066136610035207,9.769086571232425,33.70330330329521
emb_kmeans_128,Majority,47.53405046166778,,16.666666666666664,,0.0,7.92234174361095,0.0,6.1022047294428,3.0511023647214,0.0,0.0,47.5340504616657,0.0,0.0,0.0
emb_kmeans_256,KNN,79.3516949709077,68.66079165415186,66.71763559288942,67.67526806529838,68.92786426760551,53.910475482375155,11.7741603132059,37.45045014572714,24.61230522946652,26.60083554878344,51.103276396556105,76.14833375893161,28.426862925352225,59.29900203467938,81.88454222994814
emb_kmeans_256,WeightedKNN,79.3595755020555,70.79921394748145,62.03100598507992,66.12571245225506,68.42875869522302,51.85361900504111,12.064627528364069,34.51159727391891,23.28811240114149,26.26017836368141,49.04289372597662,75.83904149710811,20.852834113256097,59.29854921296472,79.8282171172597
emb_kmeans_256,HoeffdingTree,63.93518700938221,46.67161284316037,43.81635783976953,45.19893802151259,43.27805941112606,32.13167200485857,6.211689237347432,19.576331298167883,12.894010267757658,11.30918770669411,8.960010918517483,61.29948300576361,6.743785380244294,38.8430780720002,65.6344869459317
emb_kmeans_256,HoeffdingAdaptiveTree,55.41852187504105,42.70565677541867,47.903751085316166,45.15560139734944,34.23616712835877,28.566290437311693,5.379687086988133,21.000102691686827,13.18989488933748,15.30290174783122,18.30943547578003,55.420961049387266,6.360091434709749,24.514607592768357,51.48974532339351
emb_kmeans_256,EFDT,68.16615662117849,53.31530572548983,48.491807152582055,50.78929065826132,50.18562855610096,37.02536196093775,7.288611247640392,22.775077112762308,15.03184418020135,13.689689358878312,20.22292993629929,64.50648812810155,11.13472163191188,43.99131192234533,68.60703078809013
emb_kmeans_256,NaiveBayes,37.52227344567468,37.00351971824581,46.68942830961628,41.28599175436748,23.529206540550742,18.545706997775437,4.685622747295941,9.721569926448332,7.2035963368721365,9.487302347866288,15.231613165376832,42.735945597989414,2.351090690838879,8.142869433052086,33.32542075152911
emb_kmeans_256,Majority,47.53405046166778,,16.666666666666664,,0.0,7.92234174361095,0.0,6.1022047294428,3.0511023647214,0.0,0.0,47.5340504616657,0.0,0.0,0.0
emb_kmeans_64,KNN,78.20332645975896,67.13826783321512,65.0161811072195,66.0601866326388,67.17826536533305,52.15062246580954,11.020727414937229,35.92793939418436,23.47433340456079,24.98320017917943,48.34130304840157,74.93613622163105,26.434144102678136,57.76262298236057,80.44632826060645
emb_kmeans_64,WeightedKNN,78.34473821313335,68.98649973801872,60.28496224189218,64.34287147697081,66.80369410409632,50.03354501264423,11.463710540711409,32.89380147607925,22.178756008395325,24.718883288072195,46.22185472584715,74.82876447577385,18.26131687233405,57.86604819815426,78.30440251568388
emb_kmeans_64,HoeffdingTree,65.14397292599745,46.56280509903517,42.83062443816216,44.618805393393416,44.72524558958877,32.12939139182278,6.586073304799784,18.876862874161553,12.731468089480668,8.918457250733686,7.413418044954451,62.1864005024303,6.1506565307320304,40.6213518715185,67.48606415056771
emb_kmeans_64,HoeffdingAdaptiveTree,54.07532912162725,40.54562673523658,47.112711552256606,43.58317655572553,33.05677952081006,27.136122267301825,5.25620437124802,17.781986366132895,11.519095368690458,14.96882201436391,18.776067708963932,53.763658711181314,5.53175865866414,24.580882352938165,45.195544157699466
emb_kmeans_64,EFDT,66.90921190310449,51.178840711167894,46.13045613158044,48.523693889328776,47.92353835390829,35.22447344468794,6.745310517470809,24.386864265191157,15.566087391330983,11.890052824772235,17.21223895094149,63.212541132703606,7.887208827103036,41.88663869525016,69.2581602373571
emb_kmeans_64,NaiveBayes,37.27753917280691,36.261354947432096,45.91761607458661,40.5221665375775,22.97928499248935,17.965835250886787,4.593398549277202,9.709963077038116,7.151680813157658,9.46922037373449,15.013765550929431,42.557850699434354,2.43587377744859,7.425514782007444,30.89278632176643
emb_kmeans_64,Majority,47.53405046166778,,16.666666666666664,,0.0,7.92234174361095,0.0,6.1022047294428,3.0511023647214,0.0,0.0,47.5340504616657,0.0,0.0,0.0
emb_kmeans_minmax_128,KNN,78.93840489293423,68.16419483862308,66.13045074545705,67.13192338792199,68.293313249994,53.3188765087662,11.465508534489151,37.196742556453984,24.33112554547157,26.05283018865958,50.07102058084256,75.66136724959654,27.75735294104891,58.75670711073878,81.61398098171081
emb_kmeans_minmax_128,WeightedKNN,78.92089260149467,70.14285780776808,61.27215120803762,65.40811162969273,67.71867727052474,51.11920691140449,11.80149821813576,33.94344389378001,22.872471055957885,25.957529331886008,47.70384554011562,75.33482489667232,19.418483904364393,58.668668431996096,79.63188936339249
emb_kmeans_minmax_128,HoeffdingTree,64.81868211250772,46.18289466847856,42.690518379852165,44.36808818419722,44.24046379220203,32.211633972494276,6.553150446087855,20.31993967876277,13.436545062425312,8.995797959000946,9.94844688070675,61.85969265246906,5.293902884245003,39.48326253001016,67.68870092853373
emb_kmeans_minmax_128,HoeffdingAdaptiveTree,54.07839377262916,41.77574555563212,48.53477767445895,44.90233142734781,32.924129399537925,27.776156606371423,5.759533858737564,19.158396189450503,12.458965024094034,15.526749265911509,17.214932980928545,53.317084929155165,6.138359814461523,25.27168519253359,49.18812745523824
emb_kmeans_minmax_128,EFDT,66.78399901931168,51.82115280766886,46.04602754066442,48.763195606085254,47.382193459436806,35.26142866771072,6.848915431080648,22.872471954148367,14.860693692614507,13.54965082608282,14.766813282740232,63.236891875574194,7.848101265789671,40.977749084468776,71.18936567160858
emb_kmeans_minmax_128,NaiveBayes,38.18292464023186,36.92695873819211,47.18814579034624,41.43167204745525,24.03647519069527,18.960395822576984,4.6540576051995695,9.803943565271195,7.229000585235383,9.602737360893784,15.304644564804615,42.78036516506262,2.6061427280927703,9.766801113445185,33.701684003162924
emb_kmeans_minmax_128,Majority,47.53405046166778,,16.666666666666664,,0.0,7.92234174361095,0.0,6.1022047294428,3.0511023647214,0.0,0.0,47.5340504616657,0.0,0.0,0.0
emb_kmeans_minmax_256,KNN,79.34644128347584,68.64636910802412,66.70059392739057,67.65949508990484,68.91986420053091,53.89579861053328,11.754169240269354,37.408782921685834,24.581476080977595,26.54161603886198,51.10469533503994,76.14510517411375,28.426862925352225,59.29487567671596,81.86163651311583
emb_kmeans_minmax_256,WeightedKNN,79.1945221552377,70.6054938782853,61.724728918734016,65.86711452145546,68.17283269595642,51.56141895611815,12.050082081686703,34.451257529265725,23.250669805476218,26.179176755422585,48.5845740941758,75.67268073416815,20.16718913260101,59.044364565097304,79.72052845524405
emb_kmeans_minmax_256,HoeffdingTree,63.93781385309815,45.376481825771165,42.78010586414157,44.040059787180454,43.31226341600785,31.567936580836975,6.31062569418617,20.476198682858183,13.393412188522175,10.364654259335476,7.798648143742468,61.72881610269071,5.528846153831387,39.23159948523816,64.75505534018365
emb_kmeans_minmax_256,HoeffdingAdaptiveTree,55.468431905643776,43.18350873181983,50.17652596129521,46.418115719525744,35.17086021466907,29.157672233528103,5.727051694946889,17.98119521103637,11.85412345299163,15.633208099206824,22.222485375264142,55.56630577718046,6.9035276267456025,23.46588364106611,51.15462288170553
emb_kmeans_minmax_256,EFDT,68.41789581062207,53.495519937022095,50.79574890050921,52.1106901529089,51.359876375693695,38.291958930977515,7.047843021972948,24.49362016463891,15.770731593305928,16.60706622799556,24.32490553284866,65.13656299840046,10.909090909045831,43.91397945911514,68.86014845845946
emb_kmeans_minmax_256,NaiveBayes,37.52358686753265,37.00524876015512,46.69029466299951,41.287406665221376,23.53042894679141,18.54647748629216,4.68703752067473,9.721569926448332,7.204303723561531,9.487155708057514,15.234882964886372,42.738068711673165,2.3509933774824705,8.141552314992882,33.32621184066056
emb_kmeans_minmax_256,Majority,47.53405046166778,,16.666666666666664,,0.0,7.92234174361095,0.0,6.1022047294428,3.0511023647214,0.0,0.0,47.5340504616657,0.0,0.0,0.0
emb_kmeans_minmax_64,KNN,78.19675935046911,67.10035088052176,64.98976156685545,66.0281942982635,67.16955300552753,52.12277122944339,11.012114107070923,35.912180932897215,23.46214751998407,24.95151424733332,48.32212759598138,74.94740172426837,26.330275229237017,57.74009260929007,80.44521597055017
emb_kmeans_minmax_64,WeightedKNN,78.31365389582814,68.99943414469396,60.21986928642641,64.3113961258231,66.75190243403293,49.99604054203196,11.47696541253227,33.086752942771156,22.28185917765171,24.885999805932972,46.238783173154,74.74677236167516,17.93814432980444,57.812132335632526,78.35441124599267
emb_kmeans_minmax_64,HoeffdingTree,65.02751618792439,46.38995650361623,42.903988451224585,44.57892769975692,44.60195426681296,32.17563073420862,6.529127660841824,18.979938177320356,12.75453291908109,8.998045834065554,7.649413294102955,62.10457313158061,6.197087707395201,40.435491505807555,67.6691729322998
emb_kmeans_minmax_64,HoeffdingAdaptiveTree,54.86907373112503,41.324177015847226,44.2446397875343,42.7345707206322,32.290614157384866,26.709800203761908,5.0412670086988705,18.917755647627096,11.979511328162983,15.182316266761692,19.603638054875823,54.14725794434555,5.4666263968507,24.635074200563388,41.223888359174296
emb_kmeans_minmax_64,EFDT,67.2542040444637,51.411772645387835,47.319647975642205,49.280907092818914,48.83139030503262,35.99620649680075,6.685601551072029,23.617193241855464,15.151397396463748,13.02275901732559,17.96028880865847,63.58161164900069,8.704061895517585,43.06837569447011,69.64014191583207
emb_kmeans_minmax_64,NaiveBayes,37.27666355823494,36.260677781072374,45.916753595581845,40.52140786077896,22.977825734260175,17.96504055905163,4.592269679372292,9.709987919019133,7.151128799195712,9.468779123950068,15.005796141422746,42.55762458430695,2.435986159168426,7.424183598635747,30.897873746825848
emb_kmeans_minmax_64,Majority,47.53405046166778,,16.666666666666664,,0.0,7.92234174361095,0.0,6.1022047294428,3.0511023647214,0.0,0.0,47.5340504616657,0.0,0.0,0.0
emb_kmeans_quantile_128,KNN,78.89462416433534,68.00786192580408,66.0374827921272,67.0081907149421,68.2308282499686,53.20717143801771,11.499597423508153,37.19260743766205,24.3461024305851,25.939311798790797,49.944117202824366,75.62497515996378,27.426739926614346,58.71380072730078,81.59408381261215
emb_kmeans_quantile_128,WeightedKNN,78.97561851224329,70.35570040543396,61.62512926656775,65.70164989718272,67.8243703472984,51.379485211036005,11.855469699175815,34.08181311008903,22.96864140463242,26.20862684548276,47.910090865599265,75.41359936500433,20.498183705134934,58.74425148071705,79.50215900427762
emb_kmeans_quantile_128,HoeffdingTree,63.77538734999628,45.06693763485217,43.793551108418974,44.421120444518834,43.80279078012136,32.25237361231419,6.678171739356643,19.770947975571517,13.22455985746408,9.52704744635122,8.92700800933593,61.06143680584415,6.382978723387893,40.34142861448707,67.2743420744789
emb_kmeans_quantile_128,HoeffdingAdaptiveTree,54.522768167907856,42.6209460053248,49.912818035551425,45.97957393210771,34.165387577279404,28.303444233339924,5.355951469025013,18.196494560620614,11.776223014822811,15.504474921120496,20.737710766006153,54.9155072304958,6.212896622306844,23.75515460725623,48.69492125285405
emb_kmeans_quantile_128,EFDT,67.52214210348889,50.65242965472944,46.60583689761522,48.54495064819429,49.1572210698091,35.494220452144795,7.083354369666098,23.473314734006568,15.278334551836332,10.496543054673165,15.745227017482511,64.26532876511145,9.282700421905323,43.932506439807355,69.24301701388897
emb_kmeans_quantile_128,NaiveBayes,36.07356913633757,37.177151823482966,47.62511829881998,41.757520194990846,22.72030625941316,18.20998789836844,4.613753458243525,9.546989491631749,7.080371474937637,10.510881854153034,15.815416885157171,39.64563497384675,2.276027420388925,7.790115643517664,33.22185061314708
emb_kmeans_quantile_128,Majority,47.53405046166778,,16.666666666666664,,0.0,7.92234174361095,0.0,6.1022047294428,3.0511023647214,0.0,0.0,47.5340504616657,0.0,0.0,0.0
emb_kmeans_quantile_256,KNN,79.37883902263901,68.6521451293849,66.79432942527222,67.71049615873615,68.97900318190948,53.95102133946105,11.800833966679992,37.61138299673303,24.706108481706508,26.528301886772432,51.16208415614426,76.19165482330165,28.485964104792977,59.364844545756014,81.97327851999898
emb_kmeans_quantile_256,WeightedKNN,79.34074978875798,70.72417205504496,62.1281478334942,66.14806306015238,68.40785239096274,51.89280645398191,11.936892727448246,34.386300398203254,23.16159656282575,26.61842739987784,48.82529927659918,75.83770942735092,20.92180217493049,59.28172083766947,79.87187960746358
emb_kmeans_quantile_256,HoeffdingTree,63.60902058132052,45.331115255839194,44.99260363425825,45.16122511488963,43.23027849740778,32.427319593045176,6.3297310473703865,20.810767155350067,13.570249101360227,11.06659661105276,11.630953494896715,62.02896602708007,6.603560964600849,36.70397269961309,66.52986776102757
emb_kmeans_quantile_256,HoeffdingAdaptiveTree,55.07134069725189,42.71764012315313,50.527017039727475,46.295305191142496,34.52418496424198,28.824574700821714,5.794942460242847,20.94057748103455,13.367759970638698,16.489748436812384,21.003082760251125,55.530270094012856,6.2684015575968575,22.76218629791058,50.893759058346475
emb_kmeans_quantile_256,EFDT,67.65260867471356,50.83614729776783,47.52355010374388,49.12406721474201,49.46972472127049,36.1142501404265,6.785252703896541,22.993829843374293,14.889541273635416,9.550321199135288,18.77124432160527,64.14980095208483,10.108917631007118,43.82494664348569,70.28027009524082
emb_kmeans_quantile_256,NaiveBayes,35.42867900407599,37.08269106215491,47.12509722959787,41.50507826626628,22.240718236414587,17.866197020143602,4.7222998405620205,9.38019643167765,7.051248136119835,10.37162221021824,15.845232611696872,39.461152776957945,2.1025300022158566,6.375037972485299,33.04160654728741
emb_kmeans_quantile_256,Majority,47.53405046166778,,16.666666666666664,,0.0,7.92234174361095,0.0,6.1022047294428,3.0511023647214,0.0,0.0,47.5340504616657,0.0,0.0,0.0
emb_kmeans_quantile_64,KNN,78.09387463826172,66.95618368608108,64.96889646479435,65.94757207050881,67.02250044992695,52.04387641119864,11.176208120742007,35.56701721591861,23.371612668330307,24.770370370352023,47.87795639594146,74.86079033124982,26.517571884862996,57.65275475142872,80.58381473335689
emb_kmeans_quantile_64,WeightedKNN,78.3232856561199,68.98885121411723,60.338409703388194,64.37432510348707,66.77807596688315,50.08144101895823,11.437447048853564,33.309021500544404,22.373234274698984,24.946859903357534,46.186117467567314,74.78442442287036,18.24254881799465,57.82251331678589,78.5061821851736
emb_kmeans_quantile_64,HoeffdingTree,64.35898446221941,47.277686955557215,44.37840968170474,45.78219316540563,44.04752159976845,33.058463353529106,6.200785603360519,20.173874119075272,13.187329861217895,9.419966038064688,11.240776257188427,61.04698811637337,8.156929156059393,39.462899720579586,69.02322083290917
emb_kmeans_quantile_64,HoeffdingAdaptiveTree,54.51488763676005,41.20652569120207,46.85567575257363,43.849905521832184,32.63949272867896,27.199689161005853,4.796735040016325,17.673400510308202,11.235067775162264,15.8991357878474,23.158570300152263,53.55897476309268,6.249237153660137,23.33549833947827,40.99671862180435
emb_kmeans_quantile_64,EFDT,66.31116715044372,51.4997136920668,45.61453254983675,48.378800380379886,46.61396515766402,34.71359555074727,6.636907418979264,22.088411931585807,14.362659675282536,12.751558325901376,13.8312586445321,62.76811468113591,9.739130434740265,40.89381384978415,68.29769736838985
emb_kmeans_quantile_64,NaiveBayes,34.599909811699085,36.22287481082056,46.30047508651573,40.646345908808314,21.252768148818085,16.950980777285064,4.687376491976178,9.378146970664051,7.032761731320115,10.391242863875,15.531953195316737,38.70349858840255,2.1471360301534133,4.918725238871342,30.01332874709132
emb_kmeans_quantile_64,Majority,47.53405046166778,,16.666666666666664,,0.0,7.92234174361095,0.0,6.1022047294428,3.0511023647214,0.0,0.0,47.5340504616657,0.0,0.0,0.0
emb_kmeans_robust_128,KNN,78.9357780492183,68.15764044325442,66.12170643777627,67.12423909647458,68.28883123449447,53.313485849573574,11.47646940011887,37.25045242543477,24.363460912776823,26.01675092429939,50.06649338087104,75.65954199686222,27.75735294104891,58.75137467218645,81.62940118217341
emb_kmeans_robust_128,WeightedKNN,79.07675199530671,70.55145542591941,61.661963416050526,65.8078627952579,67.97669648724602,51.4669695465474,12.013900785587232,34.21456724226834,23.114234013927785,26.02302408820158,48.22996137515618,75.5467320643018,20.57441253252964,58.84797045348925,79.57971676560601
emb_kmeans_robust_128,HoeffdingTree,64.08798175219232,45.85553072804843,42.72995994399615,44.237605421731544,43.10225661441797,32.01421273490277,6.255506607928456,18.177204710561572,12.216355659245014,9.777290366112892,9.08022333235084,61.47382158861231,5.988564550087306,38.152248541018906,67.61312803123435
emb_kmeans_robust_128,HoeffdingAdaptiveTree,55.34321902185096,42.44926492016301,50.473763213770475,46.11503067013158,35.554546463035685,29.106454457064498,5.729219270780006,20.0172693691881,12.873244319984051,15.8896712010336,19.717210885957556,55.51958698154285,5.9115798012513565,25.66863114405181,51.93204672854982
emb_kmeans_robust_128,EFDT,67.52433113991883,51.949034553422024,45.88138782142614,48.72704713798743,48.649863981510535,35.2871467699285,6.962921030284644,22.26673065807416,14.614825844179402,11.293260473578057,14.955127992842018,64.10913640009898,8.10933940770793,42.726819265084224,70.52919708025979
emb_kmeans_robust_128,NaiveBayes,38.181611218373895,36.923615371139626,47.18868637051192,41.4297758909459,24.035340164772148,18.96006627031155,4.655786452749791,9.805678145129743,7.230732298939767,9.603491036949489,15.306790454082543,42.77659627083085,2.6062604453667255,9.766385003193957,33.70087441144574
emb_kmeans_robust_128,Majority,47.53405046166778,,16.666666666666664,,0.0,7.92234174361095,0.0,6.1022047294428,3.0511023647214,0.0,0.0,47.5340504616657,0.0,0.0,0.0
emb_kmeans_robust_256,KNN,79.34950593447776,68.65138519746203,66.71290963902902,67.6682675118227,68.92431110917032,53.90492969974853,11.770764667103704,37.4376385321101,24.604201599606903,26.589683202897067,51.106315725472285,76.14529553052849,28.41379310331764,59.29415754286658,81.88033309340913
emb_kmeans_robust_256,WeightedKNN,79.44319669367937,70.77540935110864,62.1553947801771,66.1859158634467,68.57156102575365,51.93899173531006,12.07169344869912,34.53136367145591,23.30152856007751,26.591832784955884,49.24666517384305,75.96526908635201,20.653866113022037,59.415923325102085,79.76039392858533
emb_kmeans_robust_256,HoeffdingTree,64.52272438717925,47.5639587875752,42.963239064347455,45.14669139720782,43.90628872686682,32.00403100043991,6.011234906592387,19.674811961332985,12.843023433962683,10.400348128798608,9.930939226515909,61.791121549088544,5.5223880596877555,39.65653621981269,64.72285281873594
emb_kmeans_robust_256,HoeffdingAdaptiveTree,55.68076843934837,43.302123006838706,48.50159063665711,45.754616244212485,34.69720527846495,28.699529735210746,5.181419762522909,19.123330541277053,12.152375151899982,15.27526407581188,20.841839949585168,55.409919468744405,7.195626477530739,24.815148560069023,48.65937987952324
emb_kmeans_robust_256,EFDT,68.1499577515969,53.310461949632234,48.47122449715233,50.77580180514202,50.27638595442262,37.05385050083809,7.248588192728249,22.6701356766119,14.959361934670074,13.415548704263465,20.701866326361237,64.24389497691048,10.903691132749668,44.4366416978727,68.62146016687099
emb_kmeans_robust_256,NaiveBayes,37.52227344567468,37.00344616460819,46.68942830961628,41.28594597245679,23.52922247341016,18.545538257914014,4.685704335712226,9.721569926448332,7.20363713108028,9.487155708057514,15.232232110200489,42.735945597989414,2.3511880122516966,8.142869433052086,33.32383868593289
emb_kmeans_robust_256,Majority,47.53405046166778,,16.666666666666664,,0.0,7.92234174361095,0.0,6.1022047294428,3.0511023647214,0.0,0.0,47.5340504616657,0.0,0.0,0.0
emb_kmeans_robust_64,KNN,78.20069961604301,67.13971760627672,65.00648866906693,66.05588483899034,67.17353920912466,52.14528456327715,11.011398517994992,35.96190788424573,23.48665320112036,24.96825752481517,48.32511579260472,74.93712731125738,26.446280991614113,57.75781193619858,80.43711382317294
emb_kmeans_robust_64,WeightedKNN,78.35874804628499,69.11123529897411,60.37688341304649,64.44948058065226,66.83954947896528,50.0977980265214,11.435592099042758,33.349654984590835,22.392623541816796,24.768250289663214,46.42323229108864,74.86398848448155,18.478260869469576,57.83652771404023,78.21652851038522
emb_kmeans_robust_64,HoeffdingTree,65.14484854056941,46.69184006443427,42.88704358449327,44.70863887367848,44.707425079561965,32.16683261332652,6.561476993146427,18.819627105737737,12.690552049442084,8.651330626965583,7.529371112644253,62.18981353381009,6.535947712395817,40.56592857518113,67.52860411896224
emb_kmeans_robust_64,HoeffdingAdaptiveTree,55.10154939998512,41.19144207244836,44.85707169277563,42.94617976119836,32.8757786249283,26.904156062660483,4.989328311361583,17.69146205381945,11.340395182590516,15.35124760076186,20.70112523062792,54.39179936616883,5.286966355661172,24.7164011612275,40.97739666151564
emb_kmeans_robust_64,EFDT,66.87856539308528,51.22824864886432,46.08811336043351,48.52243306751966,47.87107976230105,35.139076292719864,6.778335175579156,24.48413179637223,15.631233485975692,11.788798860286894,17.00159593524509,63.23470188730328,8.449581506542648,42.13881950834296,68.22096005859828
emb_kmeans_robust_64,NaiveBayes,37.27666355823494,36.26313965552444,45.91590212793744,40.52261343377872,22.9779949423996,17.964861829917012,4.595444486963281,9.709963077038116,7.152703782000698,9.469367466134978,15.0069342385761,42.557155230169904,2.435761406097506,7.42716631675715,30.89278632176643
emb_kmeans_robust_64,Majority,47.53405046166778,,16.666666666666664,,0.0,7.92234174361095,0.0,6.1022047294428,3.0511023647214,0.0,0.0,47.5340504616657,0.0,0.0,0.0
emb_srp_128,KNN,83.2481798162085,74.6509522340128,71.63543061528841,73.11211071004178,74.72763972088129,60.14400404079676,15.043727305269003,42.68448417793181,28.864105741600405,28.549752435690344,61.42646818254166,80.28531089583375,39.93157380234638,65.61406131269659,85.05685761567184
emb_srp_128,WeightedKNN,82.8274470143732,76.99176295565425,66.29038404776308,71.2414441238507,73.70610767673466,57.43072368142103,15.338842975202002,39.42419417568772,27.381518575444854,27.497467071907295,59.36688976913695,79.3966716224578,30.59581320434463,64.80209869676918,82.92540172391033
emb_srp_128,HoeffdingTree,63.6370402476238,48.76402577459009,49.84165653025616,49.29695260716684,44.98321425020664,35.44040340038706,6.142994466238063,19.60776426775013,12.875379366994096,17.051820728281363,19.259707460796783,61.11245345233938,12.077294685951442,38.25860706129915,64.88253701365426
emb_srp_128,HoeffdingAdaptiveTree,66.09226350744929,53.58358690055,65.24889644852423,58.84367328660601,51.44434232705712,41.70018086620269,7.67605633802702,28.688631301793727,18.182343819910372,23.47698744768892,33.70133346930631,62.309821287358666,15.93655589120858,41.301868196360914,73.47451890529277
emb_srp_128,EFDT,69.81231201649658,58.97511089940052,52.68389353199231,55.652268788954295,53.44632512306289,40.95769543367922,7.592860152909579,27.129684300337264,17.36127222662342,17.939702251800746,27.240464048186087,65.43290012410905,16.851664984778754,46.911564936467975,71.36987625673271
emb_srp_128,NaiveBayes,52.44624821046272,41.84362852631411,53.859383800382474,47.09720192936325,35.875251217419674,29.742879226429224,6.080520772865478,16.77406427066817,11.427292521766825,13.87832699619442,12.766148796004057,52.707661338253374,4.30863145939501,29.66999872586037,65.12650804286815
emb_srp_128,Majority,47.53405046166778,,16.666666666666664,,0.0,7.92234174361095,0.0,6.1022047294428,3.0511023647214,0.0,0.0,47.5340504616657,0.0,0.0,0.0
emb_srp_256,KNN,83.58047554627403,75.33849761665431,71.78310208127955,73.5178393406564,75.2116091739204,60.58892286471552,15.545720382513888,43.17729910954555,29.36150974602972,29.335854019374207,62.022279911911525,80.49681320476544,40.24813895761664,66.3445110925356,85.08594000208973
emb_srp_256,WeightedKNN,83.00563457977069,77.66542612120739,66.38210706814777,71.58185243608598,73.97244396814067,57.671503122646286,15.438434273380972,39.93060760990589,27.684520941643427,27.88242599872916,59.94264841427647,79.56699215622862,31.040086673721344,65.13306651511249,82.46379897780959
emb_srp_256,HoeffdingTree,62.43569705487039,46.33735594664524,48.729744565725355,47.50344771138349,42.97131314651075,33.59758008303821,6.308504780496784,21.256899664066452,13.782702222281618,16.85549261356389,16.25103448275414,60.27474360042939,7.933194154471956,36.557098834349006,63.713916812660834
emb_srp_256,HoeffdingAdaptiveTree,66.12816370490037,53.5647891712764,65.69475965661782,59.01290060626741,51.57027145066762,41.56134572410306,8.003082342579102,29.55175488292698,18.77741861275304,22.779982278374703,34.31595250386311,62.727829803275824,16.764408493393805,40.974189127450785,71.80571213826013
emb_srp_256,EFDT,67.69201133045256,54.49462675493114,51.198875803366626,52.79536697419245,50.4791741103258,38.26889976448666,6.901773533423343,25.545022659219725,16.223398096321535,18.16662209145616,25.729079871436223,63.5976704098019,12.313432835763464,43.86172939887253,65.94486397958968
emb_srp_256,NaiveBayes,52.39239791428609,42.65833489827816,55.45169208239291,48.22089901153417,36.24948382249909,30.016363531067935,6.314767481026706,16.900222417632747,11.607494949329729,14.730311217848811,14.877160086080655,52.80743267305159,3.972296949227879,28.768356632717847,64.94262362748083
emb_srp_256,Majority,47.53405046166778,,16.666666666666664,,0.0,7.92234174361095,0.0,6.1022047294428,3.0511023647214,0.0,0.0,47.5340504616657,0.0,0.0,0.0
emb_srp_64,KNN,82.61379705881066,73.90184560027923,70.59334982010674,72.20972051885948,73.78529735180234,59.007774243927514,14.437712069797762,41.14316617672358,27.790439123260672,28.508461235711525,60.03175940627409,79.45599921913117,36.92232055045761,64.67465944099271,84.453445610998
emb_srp_64,WeightedKNN,82.39007753567034,77.25085558790987,65.80567402143332,71.07043117258459,73.01638705608231,57.00654326454946,14.889844794508258,38.92484526678282,26.907345030645537,27.068666462578232,58.43510801154671,78.78397096049427,31.161007666861114,64.08225566077785,82.50825082503859
emb_srp_64,HoeffdingTree,63.64798542977353,47.98840780171601,48.97155777291082,48.47499833904071,44.367918719767374,34.56016106374398,6.272554294336818,21.386464680699856,13.829509487518337,17.36307534069339,17.152085842544302,61.33375078271333,11.169931180489227,38.1046845389117,62.23743869711195
emb_srp_64,HoeffdingAdaptiveTree,67.33125812679775,54.69091674948668,64.34177355074351,59.1251121335234,52.572120433163185,42.21996024968968,7.895246081402327,29.679820879761483,18.787533480581907,23.345603271974092,33.737922867822014,64.44246098919206,17.869992803986882,41.57817331186623,72.34560825329687
emb_srp_64,EFDT,68.77470874870299,56.74232010973695,54.919121457484046,55.81583626627433,52.79276168888678,40.773046809934925,6.920307086078277,25.84080480356131,16.380555944819793,21.25872318427161,31.09815884082387,64.98156463329573,16.81252878849925,44.72999723781826,65.75730817490088
emb_srp_64,NaiveBayes,56.66101895267741,41.76144447429258,51.518378559349145,46.12963094571704,38.84344070762926,30.762897178965737,6.4994406840705885,16.419401962875405,11.459421323472997,15.042075736320992,10.714646719900257,56.74538422022355,4.552971006499225,32.85015380773093,64.67215158311947
emb_srp_64,Majority,47.53405046166778,,16.666666666666664,,0.0,7.92234174361095,0.0,6.1022047294428,3.0511023647214,0.0,0.0,47.5340504616657,0.0,0.0,0.0
emb_srp_minmax_128,KNN,83.24993104535245,74.63893882323846,71.62501018173025,73.10092185445352,74.73040594590809,60.133661695395965,15.050876923859732,42.63862838970461,28.84475265678217,28.548606118676773,61.42824429976073,80.28351777494204,39.8632144599909,65.62686864659338,85.05151887241202
emb_srp_minmax_128,WeightedKNN,82.86466063368226,76.79610583543463,66.30962780727752,71.16865362934809,73.76686420149458,57.41133411112563,15.325035411827455,39.29434400980401,27.309689710815732,27.452371301147693,59.34804105429831,79.45586718168315,30.351437699518897,64.91450974697004,82.94577768313577
emb_srp_minmax_128,HoeffdingTree,63.82091930773912,48.14662718161375,49.34105344200187,48.73652321244521,45.48580233949587,35.2373658772916,6.299783721052078,20.102839991299547,13.201311856175812,14.161689551127294,18.748833364438617,60.853557579186024,12.760581174943905,40.26427800012279,64.63525559393094
emb_srp_minmax_128,HoeffdingAdaptiveTree,66.78049656102377,54.21540446211638,65.40679667429538,59.28758880175713,52.16900195085301,42.220255797624645,7.973617291797844,29.573125329825928,18.77337131081189,23.66187854451146,33.89363099145532,63.26714306958484,17.344573234947642,41.62672951364536,73.52757943160323
emb_srp_minmax_128,EFDT,69.70373580957134,59.11639785891077,52.69042753079014,55.718750021020114,53.26668281198928,40.93375206362516,7.482059468571251,25.996480365710855,16.73926991714105,18.345350479433325,26.52969406117981,65.38047315754096,17.123983739750386,46.73502796598078,71.48798297786571
emb_srp_minmax_128,NaiveBayes,52.447123825034694,41.843922608843926,53.84916486354206,47.09348076476582,35.876128967541355,29.74243693486927,6.080716744782845,16.777416817513224,11.429066781148034,13.87938408896163,12.759690619657174,52.71120621334183,4.300617415368461,29.67321927090833,65.13050400097819
emb_srp_minmax_128,Majority,47.53405046166778,,16.666666666666664,,0.0,7.92234174361095,0.0,6.1022047294428,3.0511023647214,0.0,0.0,47.5340504616657,0.0,0.0,0.0
emb_srp_minmax_256,KNN,83.57609747341415,75.34286607655024,71.78635768420168,73.52162670169585,75.20480409421805,60.591344937016466,15.552570585752331,43.10328044613613,29.32792551594423,29.31076973627757,62.00177438962244,80.48810379762725,40.317775570802795,66.34904401401036,85.08060211375836
emb_srp_minmax_256,WeightedKNN,82.98637105918716,77.50396761126345,66.28966415442098,71.45952043214007,73.94059891302406,57.56676539032925,15.495912386236158,40.08395281077781,27.789932598506983,27.789843830770717,59.79729729727688,79.54489082339879,30.652995142845914,65.14924290067424,82.46632234700895
emb_srp_minmax_256,HoeffdingTree,62.475099710609385,46.61500623446228,47.95360089117584,47.27482982883141,42.70638125334465,33.47223110539404,6.194318586773126,20.12005420964371,13.157186398208417,17.24422442243208,15.461077504184642,59.89358164282923,8.354666046059217,37.055146578381645,62.82469043847741
emb_srp_minmax_256,HoeffdingAdaptiveTree,65.97755799852021,53.41522975563115,64.82635881744537,58.57016794585397,51.00521957021636,41.04554648429981,7.636082623604136,30.933406175912353,19.28474439975825,22.52297474707602,33.61692844676221,62.859860347502504,14.731430597385692,40.26618311207971,72.2759016549927
emb_srp_minmax_256,EFDT,68.94851824124058,57.015793660238835,52.58192953886237,54.70917382834063,52.742938930022696,39.87057342382466,7.324780297275778,26.200644694715063,16.76271249599542,18.69980091987458,28.264938804887468,64.62898660674735,13.8508371384381,46.49423809895867,67.28463897404178
emb_srp_minmax_256,NaiveBayes,52.39108449242812,42.656937257523005,55.452785039475216,48.220419277574045,36.24829561294754,30.014143568312708,6.3137666660050495,16.891528707673125,11.602647686839088,14.732812969074672,14.876843092130128,52.801848642399065,3.9725243274161577,28.77305689394696,64.92777548490923
emb_srp_minmax_256,Majority,47.53405046166778,,16.666666666666664,,0.0,7.92234174361095,0.0,6.1022047294428,3.0511023647214,0.0,0.0,47.5340504616657,0.0,0.0,0.0
emb_srp_minmax_64,KNN,82.61905074624252,73.8827391557121,70.59681658718392,72.20241172967508,73.79323256256704,59.00364592208928,14.423799026135706,41.16242370985238,27.793111367994044,28.541076487229667,60.06613499317252,79.46087960891164,36.81885125166019,64.67698627763161,84.45794691393004
emb_srp_minmax_64,WeightedKNN,82.43954975898708,77.24309764838925,65.87290669581883,71.10633625643544,73.10114925702518,57.067508218965344,14.856095218690204,38.82050205360573,26.838298636147968,27.08290894273061,58.72967272230431,78.84056123464622,31.051478641670037,64.12805655068836,82.57237122175256
emb_srp_minmax_64,HoeffdingTree,64.09192201776622,48.79542718315117,48.5281168365302,48.66140491048087,44.54166504824496,34.682830444855,6.484108774453687,22.09386808703669,14.288988430745189,17.64786138207405,16.33705445684356,61.56731542102201,11.999999999966198,38.64691379960924,61.897837609614946
emb_srp_minmax_64,HoeffdingAdaptiveTree,67.10009587979563,54.593957273448304,63.70280568038501,58.79769090335915,52.04587611272123,41.96675513018768,8.063139269582322,28.074301757725067,18.068720513653695,23.2044433138204,34.04191779333387,64.0812494274935,18.075453677129715,40.91754708313724,71.4799194862113
emb_srp_minmax_64,EFDT,68.76420137383926,56.760036115291314,55.13620767436088,55.936339467122224,52.86662332677155,40.90006346869689,7.144678053426475,26.75534375587309,16.95001090464978,21.18676545731912,31.012899363187557,64.86448841351634,16.951501154656114,44.920858691785014,66.46386773171723
emb_srp_minmax_64,NaiveBayes,56.65795430167548,41.75873561257406,51.51126459671559,46.12512650448883,38.83939370204589,30.760581252788626,6.499488229272055,16.421509799660328,11.46049901446619,15.029357637363065,10.712390386896791,56.74344466016055,4.554477282747514,32.847510726687,64.67630682287681
emb_srp_minmax_64,Majority,47.53405046166778,,16.666666666666664,,0.0,7.92234174361095,0.0,6.1022047294428,3.0511023647214,0.0,0.0,47.5340504616657,0.0,0.0,0.0
emb_srp_quantile_128,KNN,83.27751290436976,74.68295824890211,71.66972958006363,73.14532450805652,74.77609946071475,60.18507842612975,15.123488419754274,42.61995941404535,28.87172391689981,28.671831323353825,61.40534528441839,80.32366581748643,39.81390793320366,65.64789434337582,85.24782585494037
emb_srp_quantile_128,WeightedKNN,82.88436196155176,77.00566614469632,66.3916147046919,71.3058223485641,73.79623899514853,57.52374146943282,15.258511979818875,39.3785397755495,27.318525877684188,27.614130984889545,59.49003657242387,79.49983205105012,30.616621983750047,64.8188923032175,83.1029349212659
emb_srp_quantile_128,HoeffdingTree,64.39707369610045,48.478629332534666,49.77752302350225,49.11949083867847,45.70847242786686,35.27014571294696,6.2662646123333925,22.90599856499631,14.586131588664852,16.386654046369863,18.02176786567539,62.14538944855472,11.521418020645433,38.85389512312026,64.6917497733161
emb_srp_quantile_128,HoeffdingAdaptiveTree,66.88775934609103,54.37112888189196,65.5622478789494,59.444560396581615,52.27931200539957,42.31882357285432,7.803442165018502,28.61144261316209,18.207442389090296,23.63277901593364,34.928735276673386,63.44389610592257,18.151401087373166,41.474331442000874,72.28179850922227
emb_srp_quantile_128,EFDT,69.18580979024654,55.98146280488102,52.68253440400734,54.2819225494783,52.958773923160315,39.88353311308615,7.4770114942518,24.10085077195443,15.788931133103116,18.97241675002217,28.519459521876513,65.51774118737929,12.774070543313757,45.22292993630061,68.29458073962455
emb_srp_quantile_128,NaiveBayes,53.095954222870176,41.62780101375518,53.85770478422659,46.95954216462333,36.400206074725425,29.86569646744978,6.076604554864167,17.059270541943462,11.567937548403815,14.625859029707836,12.95465307686812,53.03798467977153,4.255010165550207,30.24395281589592,64.07671903690509
emb_srp_quantile_128,Majority,47.53405046166778,,16.666666666666664,,0.0,7.92234174361095,0.0,6.1022047294428,3.0511023647214,0.0,0.0,47.5340504616657,0.0,0.0,0.0
emb_srp_quantile_256,KNN,83.60805740529133,75.35552055857718,71.89942672987422,73.58691614591156,75.26120557011328,60.667094442259405,15.629285789636135,43.17317396360851,29.401229876622324,29.382877721370615,62.02398554294003,80.54365248110297,40.4667328697097,66.40843313372426,85.17688490470883
emb_srp_quantile_256,WeightedKNN,83.03496766793192,77.7141340581909,66.49139627946077,71.66606262712986,74.02126417667739,57.7700944405533,15.434648581992777,40.216845626790885,27.82574710439183,28.02607076347193,59.89686496821942,79.60394612513576,31.256771397447142,65.16875672667999,82.66815666236555
emb_srp_quantile_256,HoeffdingTree,62.73209258748484,46.55663140621446,47.99677243955422,47.265734543014595,43.12912902419435,33.525419003570484,5.939738516254328,21.142310118215292,13.541024317234813,15.194324865085068,17.824756910297765,60.34281611773791,9.357439530883564,36.70405695862029,61.72911963879832
emb_srp_quantile_256,HoeffdingAdaptiveTree,65.95522982693478,53.47978879867098,64.48222745385056,58.46790373805732,51.0390510088651,41.11758236981443,7.784740902774574,30.18115019674604,18.982945549760306,22.982470312616936,33.8230571611984,62.28949917205125,14.7753923867675,41.12846661693356,71.70660856931896
emb_srp_quantile_256,EFDT,68.18060426161611,55.89757165336779,52.287110240171096,54.03209474837969,51.61798287388697,39.28470204085755,7.093244656600192,23.53204032169234,15.312642489146263,18.379407708964223,27.472651086918233,63.95529450861787,13.539074166184475,45.14525171300242,67.21653306145812
emb_srp_quantile_256,NaiveBayes,52.94666193834799,42.60873791640474,55.782244658100225,48.3135950233236,36.75777134332426,30.299508747433013,6.157138000678674,16.957018216677213,11.557078108677944,15.602665376963945,15.226977398117883,52.96280482018748,3.958927552764427,29.332146251665808,64.71353108489853
emb_srp_quantile_256,Majority,47.53405046166778,,16.666666666666664,,0.0,7.92234174361095,0.0,6.1022047294428,3.0511023647214,0.0,0.0,47.5340504616657,0.0,0.0,0.0
emb_srp_quantile_64,KNN,82.6317471575362,73.86111939703495,70.68672307032021,72.23906498170227,73.81594467216723,59.05431154953745,14.46502853825712,40.93159923485261,27.698313886554864,28.420227361796613,59.979894282822585,79.51161163278276,37.1568627449159,64.70784847733788,84.54942479756895
emb_srp_quantile_64,WeightedKNN,82.39489341581623,77.00862180770535,65.81372577300267,70.97242698584228,73.03411557447616,56.944921460119936,14.85338608330962,38.831538857359014,26.84246247033432,27.11950451819766,58.58187383096121,78.84477512067815,30.697928026004924,64.01784318675661,82.40760407812107
emb_srp_quantile_64,HoeffdingTree,64.13832959008103,49.59234016176712,47.85736046016631,48.7094056531291,44.49382695561571,34.81118112498967,6.256310891574618,20.335823734671013,13.296067313122816,15.85142373835928,18.287368672391867,60.390622318329015,10.871995528197676,39.385800271822816,64.0798762208374
emb_srp_quantile_64,HoeffdingAdaptiveTree,67.53483851478256,54.7751519594044,64.28215819762332,59.14907667423811,52.540608183145274,42.151725680644105,7.861644794932275,29.054270771312417,18.457957783122342,24.15522226236711,34.38571661857428,64.6625382741641,17.507853403104694,41.396174550447675,70.80284897520674
emb_srp_quantile_64,EFDT,67.91835769730879,53.96126338923123,51.60151314134113,52.75501333742131,50.98644490833168,38.62745386513906,7.060295357501284,23.26587944099301,15.163087399247146,18.195413758710867,26.350805890369305,64.66113964258751,13.683340223176174,43.918039409304285,64.9559842666862
emb_srp_quantile_64,NaiveBayes,57.40310230242852,41.72616427908013,51.135094497302106,45.95396145897128,39.564884059183754,30.980548349163463,6.3644028103032575,16.389970616172675,11.377186713237966,15.84843171634007,11.181866424074196,57.046964646116734,4.148230088490986,33.8800013415128,63.77779587844597
emb_srp_quantile_64,Majority,47.53405046166778,,16.666666666666664,,0.0,7.92234174361095,0.0,6.1022047294428,3.0511023647214,0.0,0.0,47.5340504616657,0.0,0.0,0.0
emb_srp_robust_128,KNN,83.2442395506346,74.66136012351187,71.64180208169448,73.1204207003587,74.72176380514051,60.15117258011898,15.048978234733616,42.677830062579545,28.86340414865658,28.548606118676773,61.41716828053474,80.27894298724597,39.9999999998044,65.60546047878016,85.05685761567184
emb_srp_robust_128,WeightedKNN,82.82569578522926,76.93358639001664,66.23935226650815,71.18706897872154,73.70563442382468,57.37525339030171,15.326580299974356,39.48053564152696,27.403557970750654,27.575726876681617,59.29387685483224,79.41249370357002,30.257510729451408,64.80870353580359,82.90320864147134
emb_srp_robust_128,HoeffdingTree,63.523648160552696,47.76227775592412,50.21878871807747,48.959739297292145,45.560228174700256,35.337960947177564,6.452680344142131,19.327436575073552,12.89005845960784,14.69624691073355,20.21732553448462,60.936604716075735,11.351203501063043,39.7294831195277,65.09690190118073
emb_srp_robust_128,HoeffdingAdaptiveTree,66.51036946556864,54.14102980357255,65.3035852696519,59.20071581622821,51.84746120137237,42.26756464321269,7.476748035998032,28.657414825101153,18.067081430549592,23.25839815367841,34.94674952937545,62.55001333688494,17.92091836730884,41.230954424364825,73.69835404766366
emb_srp_robust_128,EFDT,69.75539706931802,59.13068713496008,52.768451839521155,55.76870108054198,53.38789867256587,41.04283557751758,7.59695760222794,27.29049451399955,17.443726058113747,17.94526693583225,27.18011167873732,65.348669508281,17.225609756010034,46.82169836042626,71.73565722581857
emb_srp_robust_128,NaiveBayes,52.44405917403277,41.8415281029966,53.85734499277244,47.095091951871694,35.872791177003805,29.740780465348564,6.080268667853958,16.77450771482622,11.42738819134009,13.878656812183303,12.762752635954058,52.70570146934864,4.308325644116468,29.669655060575245,65.11959116991366
emb_srp_robust_128,Majority,47.53405046166778,,16.666666666666664,,0.0,7.92234174361095,0.0,6.1022047294428,3.0511023647214,0.0,0.0,47.5340504616657,0.0,0.0,0.0
emb_srp_robust_256,KNN,83.58135116084601,75.35529595944583,71.78568146905528,73.52718960127504,75.21310658502625,60.59749364582453,15.54449186027724,43.17729910954555,29.360895484911396,29.33103221562349,62.03417679919093,80.4958367040031,40.28812717317294,66.3445110925356,85.0912778904211
emb_srp_robust_256,WeightedKNN,82.98286860089925,77.66827246695541,66.30244826123796,71.53672067117203,73.9337630415233,57.608315817468196,15.447756588281353,39.78155589851893,27.61465624340014,27.814707104250292,59.870240737558525,79.53123249523235,30.914997292740036,65.11254213533266,82.40617513969528
emb_srp_robust_256,HoeffdingTree,63.10948246800723,47.01603719926872,48.77721354342978,47.88043559758552,44.0433791766791,34.20779101412997,6.334099113881708,21.1715244433322,13.752811778606954,16.46925778226506,17.54320261087755,60.722096809351754,8.608815426977483,38.012025554298695,63.89134790100923
emb_srp_robust_256,HoeffdingAdaptiveTree,66.45520574753405,54.153013838848395,65.61125129875195,59.33400911337424,51.78939709383401,41.89488294469311,7.698149468397183,29.77111984175084,18.73463465507401,22.940899088327985,35.79644383473968,63.03185070419851,17.153434800458346,40.678140545481085,71.76852869495303
emb_srp_robust_256,EFDT,68.59520776144757,56.31173999336168,51.30058867239645,53.68948793588552,51.77012189476747,39.067563689010846,7.155906136262848,24.85234821534094,16.004127175801894,18.90177204111507,27.419544972289454,64.12393924266817,11.711711711653097,45.34861466061208,66.89979950572719
emb_srp_robust_256,NaiveBayes,52.39152229971411,42.65735747386856,55.45011379443325,48.21967777820133,36.24839644080616,30.01529671146173,6.314141934460056,16.89122081777368,11.602681376116868,14.73141684805356,14.874395414736991,52.80785058562418,3.9716149708115074,28.76800661864552,64.93849583089865
emb_srp_robust_256,Majority,47.53405046166778,,16.666666666666664,,0.0,7.92234174361095,0.0,6.1022047294428,3.0511023647214,0.0,0.0,47.5340504616657,0.0,0.0,0.0
emb_srp_robust_64,KNN,82.61554828795461,73.90810771323903,70.60443293359918,72.2185079707514,73.78769610990705,59.01782742112061,14.44013572466931,41.17243413675667,27.80628493071299,28.499488551397828,60.03824711524048,79.45748098742695,36.97148475891361,64.67698627763161,84.46327683611317
emb_srp_robust_64,WeightedKNN,82.37738112437667,77.04778616705926,65.69154454555604,70.91791802387264,72.99216546191631,56.88594667210408,14.75200742093088,38.8837923235027,26.817899872216792,27.073120915005028,58.43917055396559,78.78966343283548,30.505709624630207,64.03411821239018,82.47389729379795
emb_srp_robust_64,HoeffdingTree,63.846312130326474,47.94369895608104,48.89739316299719,48.41585005384358,44.5578290770678,34.52701906808161,6.179699693234194,21.34566945315419,13.762684573194193,17.263591857757497,16.488421052626954,61.55657265093368,11.2405200433065,38.31845073230836,62.29455807155666
emb_srp_robust_64,HoeffdingAdaptiveTree,65.58572047756019,53.83795318511011,63.903166031748306,58.440342406817855,50.27283299996744,41.04239890288666,7.983430312211605,29.272384486496716,18.62790739935416,21.895058964016307,33.316906228601425,62.48056672410014,17.347845402005003,39.262973575290026,71.95104252330708
emb_srp_robust_64,EFDT,68.98748308969358,56.897971021892815,53.624815369969646,55.21292559811059,52.77776615742873,40.220568358751606,7.499615368475951,27.58542022495077,17.542517796713362,20.3126009171218,28.793477623312576,65.41157460312363,15.439429928667748,45.37983744602629,65.98648963425762
emb_srp_robust_64,NaiveBayes,56.657516494389505,41.75894897789457,51.51463687291377,46.12660858201859,38.838980092298385,30.760800302027057,6.501213408158938,16.415240370197267,11.458226889178103,15.036956966310722,10.713293074257596,56.74344466016055,4.554477282747514,32.84447824556649,64.67215158311947
emb_srp_robust_64,Majority,47.53405046166778,,16.666666666666664,,0.0,7.92234174361095,0.0,6.1022047294428,3.0511023647214,0.0,0.0,47.5340504616657,0.0,0.0,0.0
emb_grp_128,CSMOTE,70.54870387152982,58.70809595892938,65.51931895049428,61.92698233178044,56.96006178484184,45.84370201571296,8.514646894370465,32.05056502385425,20.282605959112356,,,,,,
emb_grp_256,CSMOTE,70.42918248245488,58.82925423820057,65.67200629538532,62.062586967008535,56.93513750216586,45.84804202594328,8.617690906077396,32.90034380661367,20.75901735634553,,,,,,
emb_grp_64,CSMOTE,69.9484700824391,57.659252499470135,65.06470712831384,61.13854847079406,56.151377696619285,45.079927075326395,8.152714645231441,31.699521118942343,19.926117882086892,,,,,,
emb_grp_minmax_128,CSMOTE,70.58022599612103,58.67625118308953,65.40539299292863,61.858356140698255,56.99104444461095,45.8234455944224,8.683217719360536,32.40776144869457,20.545489584027553,,,,,,
emb_grp_minmax_256,CSMOTE,70.44932161761037,58.857935717198515,65.84803917800734,62.15708044942632,56.9562796856092,45.97037460018725,8.353037182731402,32.18790224343757,20.270469713084488,,,,,,
emb_grp_minmax_64,CSMOTE,69.97867878517235,57.74699667857798,65.10261051339447,61.20459509828058,56.173769222168346,45.13484143623032,8.221115653638135,31.61037697023321,19.91574631193567,,,,,,
emb_grp_quantile_128,CSMOTE,70.67260333346468,59.04513121007131,65.59609599944483,62.148458930769365,57.142276709952355,46.04903045396333,8.28968205627801,32.27497583828537,20.28232894728169,,,,,,
emb_grp_quantile_256,CSMOTE,70.33943198882716,58.90359722981297,65.84329356443477,62.180416998138774,56.80081944956035,45.9163864631325,8.38208656908905,32.271499844087266,20.326793206588157,,,,,,
emb_grp_quantile_64,CSMOTE,69.94452981686521,58.13490108179712,65.38148295073228,61.54561718583026,56.173674908314254,45.3884076916388,8.219390024559882,31.87198455401401,20.045687289286946,,,,,,
emb_grp_robust_128,CSMOTE,70.55089290795978,58.71115244429722,65.53532993724086,61.935833879259846,56.966881908766595,45.84966291757165,8.512922304138275,32.043868339776125,20.2783953219572,,,,,,
emb_grp_robust_256,CSMOTE,70.48653523691941,58.87914887583986,65.75894455327979,62.129170621059416,57.01828098806134,45.92299455768885,8.586769492296662,32.83406435482693,20.710416923561795,,,,,,
emb_grp_robust_64,CSMOTE,69.952848155299,57.664307987458606,65.07193458616584,61.144581235906074,56.158397403092216,45.086068144787056,8.157252950930026,31.644974566669365,19.901113758799696,,,,,,
emb_ipca_128,CSMOTE,71.83104141219118,61.338282146641376,66.2644524999873,63.706278630985814,58.88003876256656,47.821528652407046,8.959515557754322,35.40191248522223,22.18071402148828,,,,,,
emb_ipca_256,CSMOTE,71.96851289999168,61.89172175913031,66.27141765886093,64.006736429079,59.08341682418802,48.14851745893962,8.80194163355409,34.465592507675225,21.63376707061466,,,,,,
emb_ipca_64,CSMOTE,71.19884769122328,60.05046401657748,65.84891410879017,62.816161701498594,57.95880505625915,46.83458582383746,8.83465367028417,34.32333279114886,21.578993230716513,,,,,,
emb_ipca_minmax_128,CSMOTE,71.7907631418802,61.282674802508474,66.31553740517776,63.699850379412915,58.82550354019875,47.82344532871867,8.963585434171963,35.69949120741443,22.331538320793197,,,,,,
emb_ipca_minmax_256,CSMOTE,72.04644259689769,62.06324780444129,66.4233030038695,64.16929847340869,59.22003424572296,48.27827183665714,8.962825641524255,34.80810461372943,21.88546512762684,,,,,,
emb_ipca_minmax_64,CSMOTE,71.3433240955996,60.46957622793007,66.04463294477955,63.13426756433439,58.15876787795069,47.15139493212745,8.6791221029573,33.969972633752676,21.324547368354988,,,,,,
emb_ipca_quantile_128,CSMOTE,71.73778846027555,61.23639241025671,66.01824318074297,63.537473929753794,58.7211240943188,47.59749348462757,8.958791102885595,35.75619028800034,22.35749069544297,,,,,,
emb_ipca_quantile_256,CSMOTE,72.05738777904742,62.09153097774121,65.84238982986899,63.91197521285742,59.13078732733488,48.04995933598463,8.777769324404904,34.72969903728849,21.7537341808467,,,,,,
emb_ipca_quantile_64,CSMOTE,71.51056647884734,60.317483684519814,66.56783612872927,63.28871417935549,58.444393581374165,47.27954251707372,8.80498352161073,33.86454185595213,21.33476268878143,,,,,,
emb_ipca_robust_128,CSMOTE,71.82753895390327,61.28868591791004,66.21464402333676,63.656510344984994,58.87244746154766,47.781948425148,8.95289551784321,35.24023145717031,22.09656348750676,,,,,,
emb_ipca_robust_256,CSMOTE,71.98471176957327,61.80278032167696,66.31306775727847,63.97853225049619,59.09777900728736,48.138084188482274,8.792531775477858,34.58761621884594,21.690073997161896,,,,,,
emb_ipca_robust_64,CSMOTE,71.20016111308124,60.05040878035961,65.84564349320755,62.814643299234305,57.95963362131802,46.83397142714708,8.839747812174869,34.319168107246156,21.579457959710513,,,,,,
emb_kmeans_128,CSMOTE,60.09211465297205,46.32644236237911,52.11327241049645,49.049766473013975,41.20543637858095,32.795651028089914,6.488216057734765,23.2339913218756,14.861103689805182,,,,,,
emb_kmeans_256,CSMOTE,60.14202468357478,46.56717520001779,52.816085271316425,49.49517422841808,41.42130302503519,33.12944976327049,6.644475739341009,23.266091085369833,14.95528341235542,,,,,,
emb_kmeans_64,CSMOTE,58.47135208024133,44.03337490412016,50.77671484642933,47.16523583334059,38.82582619032969,30.861090890705302,6.109850326902508,21.37936476967748,13.744607548289997,,,,,,
emb_kmeans_minmax_128,CSMOTE,60.296570655528846,46.45473019681623,51.84165359941625,49.0005824814482,41.312200633658406,32.83358922989751,6.706463682841577,23.40080768034595,15.053635681593764,,,,,,
emb_kmeans_minmax_256,CSMOTE,60.45024101291093,46.753380365240815,52.4087507548889,49.419798280495385,41.66895361179025,33.17733220586954,6.7736469361439635,22.957052097781496,14.86534951696273,,,,,,
emb_kmeans_minmax_64,CSMOTE,58.66048482778851,44.17827930349637,50.81645315219468,47.26543046200663,39.09081183067515,30.96863638304475,6.19989525842885,20.918084644365013,13.558989951396931,,,,,,
emb_kmeans_quantile_128,CSMOTE,59.918305160434485,46.35479100629278,53.57094214341072,49.702308880690445,41.04350027748155,32.99038148658914,6.634793777649974,22.86298206622715,14.748887921938564,,,,,,
emb_kmeans_quantile_256,CSMOTE,60.36880885771701,46.97732505656221,53.80975165373077,50.16195086035348,41.86459183886244,33.498012337693226,6.917637512315697,23.58329731182446,15.250467412070078,,,,,,
emb_kmeans_quantile_64,CSMOTE,58.87982627806891,44.455865803551426,52.19050129692637,48.013681041193834,39.77089855261471,31.400562738714793,6.471516905669455,22.091828232615853,14.281672569142652,,,,,,
emb_kmeans_robust_128,CSMOTE,60.11575624641545,46.364583121160166,51.99658977228102,49.019346508312005,41.14588836701557,32.76001821952746,6.482898005585133,23.36329852017187,14.923098262878504,,,,,,
emb_kmeans_robust_256,CSMOTE,60.103059835121776,46.560279312978544,53.20635535239479,49.66194910236671,41.46699188078893,33.17279047114097,6.735631852694003,23.36034369601248,15.04798777435324,,,,,,
emb_kmeans_robust_64,CSMOTE,58.44377022122402,44.02421802930334,50.78910820992583,47.16532711247771,38.77807265593653,30.82723987037112,6.096167967580557,21.400746067624468,13.748457017602512,,,,,,
emb_srp_128,CSMOTE,70.80088086825941,58.781309568057814,66.08881734051644,62.221242618325135,57.50952357573465,46.22777549124797,8.068735878224112,31.66383597678089,19.866285927502503,,,,,,
emb_srp_256,CSMOTE,70.62006645914602,58.98004336608464,66.26559205785351,62.41091723511624,57.22118125236252,46.187649522545435,8.279153979094668,32.69148245536482,20.485318217229743,,,,,,
emb_srp_64,CSMOTE,70.54914167881581,58.88166218961227,65.72205951084896,62.11410146843276,57.011840509416125,46.04592877471567,8.292011019282116,32.138295857927986,20.21515343860505,,,,,,
emb_srp_minmax_128,CSMOTE,70.82583588356077,58.86571503791546,66.29095159535129,62.35807282465561,57.587648490083765,46.33800321459361,8.063974726032567,31.338447254557817,19.70121099029519,,,,,,
emb_srp_minmax_256,CSMOTE,70.80701017026325,59.13002198992411,66.62198744287768,62.65282917192484,57.55135711173239,46.452537938230705,8.310848386231322,32.71428071828553,20.512564552258425,,,,,,
emb_srp_minmax_64,CSMOTE,70.55133071524577,58.926726514502604,65.93753212696156,62.23531000722132,57.07196496304715,46.12947925936692,8.132872895654332,32.081462021667654,20.107167458660992,,,,,,
emb_srp_quantile_128,CSMOTE,70.75885136880447,58.77720912738765,66.19142690356772,62.26438032959701,57.424439500066704,46.22142414922321,8.201174449724725,31.675628155951173,19.93840130283795,,,,,,
emb_srp_quantile_256,CSMOTE,70.36394919684254,58.75087456254121,65.89565219301366,62.11849294125733,56.8403489328762,45.87789800341768,8.193312260853396,33.07591906363987,20.634615662246635,,,,,,
emb_srp_quantile_64,CSMOTE,70.71638406206357,58.93160887005098,65.80455635261076,62.17873332752972,57.20231383583014,46.11236166860219,8.335143889863847,31.860035950179583,20.097589920021715,,,,,,
emb_srp_robust_128,CSMOTE,70.81576631598303,58.796573444982194,66.11729249856319,62.24241344242883,57.53712523287509,46.24857266452898,8.100023929168042,31.689813872370305,19.894918900769177,,,,,,
emb_srp_robust_256,CSMOTE,70.67304114075067,59.028254548296566,66.27594947776113,62.44249579032118,57.28261281526681,46.23953865545183,8.295424137006588,32.72722894809094,20.511326542548765,,,,,,
emb_srp_robust_64,CSMOTE,70.54563922052792,58.878106763360805,65.71136910861762,62.10734861617585,57.00583187159779,46.039351899942034,8.284012033740039,32.12411862527394,20.20406532950699,,,,,,
emb_512,CSMOTE_kNN,82.45749985771263,74.7723373080436,67.7164889088326,71.0697152112259,73.22244399421403,57.50517359413535,14.34460916809612,39.205778088827884,26.775193628462002,30.452830188650516,59.79442773571081,79.0658113339471,31.11767602151099,63.89835531189018,80.70194097310252
